name,values,label
Latitude,"['40.70441', '40.77358', '40.62661']",latitude
Longitude,"['-74.0159', '-73.945', '-74.0778']",longitude
Location,"['POINT (-74.0159 40.70441)', 'POINT (-73.945 40.77358)', 'POINT (-74.0778 40.62661)']",point
Latitude,"['40.70441', '40.77358', '40.62661']",latitude
Longitude,"['-74.0159', '-73.945', '-74.0778']",longitude
Location,"['POINT (-74.0159 40.70441)', 'POINT (-73.945 40.77358)', 'POINT (-74.0778 40.62661)']",point
Latitude,"['40.70441', '40.77358', '40.62661']",latitude
Longitude,"['-74.0159', '-73.945', '-74.0778']",longitude
Location,"['POINT (-74.0159 40.70441)', 'POINT (-73.945 40.77358)', 'POINT (-74.0778 40.62661)']",point
Latitude,"['40.70441', '40.77358', '40.62661']",latitude
Longitude,"['-74.0159', '-73.945', '-74.0778']",longitude
Location,"['POINT (-74.0159 40.70441)', 'POINT (-73.945 40.77358)', 'POINT (-74.0778 40.62661)']",point
Borough,"['BROOKLYN', 'QUEENS', 'BRONX']",borough
Street Name,"['51 STREET', '135 ROAD', 'QUEENS BLVD']",address
Bin #,"['3137917', '4284335', '4050525']",bin
City Owned,['Y'],city
Street Frontage,"['0', '142', '80']",address
Special District 1,"['MX-1', 'BR', 'MID']",borough_code
Special District 2,"['MS4', 'MIH', 'IBZ']",borough_code
LATITUDE,"['40.638728', '40.669797', '40.727573']",latitude
LONGITUDE,"['-74.00125', '-73.729699', '-73.855368']",longitude
COUNCIL DISTRICT,"['38', '31', '29']",borough_code
NTA,"['Borough Park', 'Rosedale', 'Forest Hills']",borough
Incident Zip,"['11355', '11691', '11414']",zip5
Incident Address,"['57-29 157 STREET', '836 DORIAN COURT', '163-38 99 STREET']",address
Cross Street 1,"['BOOTH MEMORIAL AVENUE', 'DEAD END', '163 AVENUE']",address
Cross Street 2,"['59 AVENUE', 'BEACH 9 STREET', '164 AVENUE']",address
Intersection Street 1,"['39 PLACE', '50 STREET', '12 AVENUE']",address
Intersection Street 2,"['40 STREET', '12 AVENUE', 'WEST  138 STREET']",address
Address Type,"['INTERSECTION', 'ADDRESS', 'BLOCKFACE']",address
City,"['Flushing', 'Far Rockaway', 'Howard Beach']",city
Landmark,"['BAILEY AVENUE', 'WEST   29 STREET', '43 STREET']",address
Community Board,"['07 QUEENS', '14 QUEENS', '10 QUEENS']",borough
Council District,"['20', '31', '32']",borough_code
Borough,"['QUEENS', 'BROOKLYN', 'Unspecified']",borough
X Coordinate (State Plane),"['1036594', '1055136', '1030741']",x_coord
Park Borough,"['QUEENS', 'BROOKLYN', 'Unspecified']",borough
Bridge Highway Direction,"['Westbound/To BQE', 'West/Staten Island Bound', 'Southbound/Downtown']",address
Latitude,"['40.742141', '40.602866', '40.652546']",latitude
Longitude,"['-73.811104', '-73.744725', '-73.832452']",longitude
Location,"['POINT (-73.811104327562 40.742140932539)', 'POINT (-73.74472461177 40.602865969373)', 'POINT (-73.832451597242 40.652546181812)']",point
Work Location Borough,"['MANHATTAN', 'BRONX', 'BROOKLYN']",borough
BOROUGH,"['BROOKLYN', 'BRONX', 'MANHATTAN']",borough
ZIP CODE,"['11230', '11208', '11233']",zip5
LATITUDE,"['40.62179', '40.667202', '40.683304']",latitude
LONGITUDE,"['-73.970024', '-73.8665', '-73.917274']",longitude
OFF STREET NAME,"['61        Ed Koch queensborough bridge', '1211      LORING AVENUE', '344       BAYCHESTER AVENUE']",address
BOROUGH,"['BROOKLYN', 'QUEENS', 'STATEN ISLAND']",borough
Bin #,"['3185434', '4623172', '5174573']",bin
Street Name,"['BAY 34 ST', 'BEACH 215 STREET', 'RICHMOND TERRACE']",address
Zip Code,"['11214', '11697', '10301']",zip5
Special District 1,"['SRD', 'BR', 'TA']",borough_code
Owner's House Street Name,"['WEST 6 ST', 'ROCKAWAY POINT BOULEVARD', 'MAIN ST, SUITE 502']",address
Owner’s House City,"['BROOKLYN', 'ROCKAWAY POINT', 'NEW YORK']",address
Owner’s House Zip Code,"['11214', '11697', '11201']",zip5
LATITUDE,"['40.599043', '40.55486', '40.645602']",latitude
LONGITUDE,"['-73.992006', '-73.923824', '-74.092344']",longitude
COUNCIL_DISTRICT,"['47', '32', '49']",borough_code
Borough,"['QUEENS', 'BRONX', 'BROOKLYN']",borough
Street Name,"['135 ROAD', 'QUEENS BLVD', 'LINCOLN AVE']",address
Bin #,"['4284335', '4050525', '2130735']",bin
City Owned,['Y'],city
Street Frontage,"['0', '142', '80']",address
Special District 1,"['MX-1', 'BR', 'MID']",borough_code
Special District 2,"['MS4', 'MIH', 'IBZ']",borough_code
LATITUDE,"['40.669797', '40.727573', '40.807149']",latitude
LONGITUDE,"['-73.729699', '-73.855368', '-73.929969']",longitude
COUNCIL DISTRICT,"['31', '29', '8']",borough_code
Incident Zip,"['11209', '10452', '11221']",zip5
Incident Address,"['423 100 STREET', '972 WOODYCREST AVENUE', '714 HART STREET']",address
Cross Street 1,"['4 AVENUE', 'WEST  163 STREET', 'CENTRAL AVENUE']",address
Cross Street 2,"['FORT HAMILTON PARKWAY', 'WEST  164 STREET', 'WILSON AVENUE']",address
Intersection Street 1,"['4 AVENUE', 'WEST  163 STREET', 'CENTRAL AVENUE']",address
Intersection Street 2,"['FORT HAMILTON PARKWAY', 'WEST  164 STREET', 'WILSON AVENUE']",address
Address Type,"['ADDRESS', 'INTERSECTION', 'BLOCKFACE']",address
City,"['BROOKLYN', 'BRONX', 'NEW YORK']",city
Landmark,"['100 STREET', 'WOODYCREST AVENUE', 'HART STREET']",address
Community Board,"['10 BROOKLYN', '04 BRONX', '04 BROOKLYN']",borough
Council District,"['43', '8', '37']",borough_code
Borough,"['BROOKLYN', 'BRONX', 'MANHATTAN']",borough
Park Borough,"['BROOKLYN', 'BRONX', 'MANHATTAN']",borough
Taxi Company Borough,['QUEENS'],borough
Taxi Pick Up Location,"['7 AVENUE AND WEST   55 STREET, MANHATTAN, NY, 10019', '11-39 49 AVENUE, QUEENS (LONG ISLAND CITY), NY, 11101', 'LA GUARDIA AIRPORT, QUEENS (EAST ELMHURST) ,NY, 11369']",address
Latitude,"['40.61257', '40.831985', '40.699516']",latitude
Longitude,"['-74.033093', '-73.928483', '-73.925095']",longitude
Location,"['POINT (-74.033092683548 40.612570336738)', 'POINT (-73.928483113625 40.831985237025)', 'POINT (-73.925094525996 40.69951635875)']",point
Work Location Borough,"['MANHATTAN', 'BRONX', 'BROOKLYN']",borough
BOROUGH,"['BROOKLYN', 'BRONX', 'MANHATTAN']",borough
ZIP CODE,"['11230', '11208', '11233']",zip5
LATITUDE,"['40.62179', '40.667202', '40.683304']",latitude
LONGITUDE,"['-73.970024', '-73.8665', '-73.917274']",longitude
OFF STREET NAME,"['61        Ed Koch queensborough bridge', '1211      LORING AVENUE', '344       BAYCHESTER AVENUE']",address
BOROUGH,"['BROOKLYN', 'QUEENS', 'STATEN ISLAND']",borough
Bin #,"['3185434', '4623172', '5174573']",bin
Street Name,"['BAY 34 ST', 'BEACH 215 STREET', 'RICHMOND TERRACE']",address
Zip Code,"['11214', '11697', '10301']",zip5
Special District 1,"['SRD', 'BR', 'TA']",borough_code
Owner's House Street Name,"['WEST 6 ST', 'ROCKAWAY POINT BOULEVARD', 'MAIN ST, SUITE 502']",address
Owner’s House City,"['BROOKLYN', 'ROCKAWAY POINT', 'NEW YORK']",address
Owner’s House Zip Code,"['11214', '11697', '11201']",zip5
LATITUDE,"['40.599043', '40.55486', '40.645602']",latitude
LONGITUDE,"['-73.992006', '-73.923824', '-74.092344']",longitude
COUNCIL_DISTRICT,"['47', '32', '49']",borough_code
Base Address,"['729 LIBERTY AVENUE BROOKLYN NY 11208', '1515 THIRD STREET SAN FRANCISCO CA 94158', '674 CLIFTON AVENUE CLIFTON NJ 07011']",address
Work Location Borough,"['MANHATTAN', 'BRONX', 'BROOKLYN']",borough
BOROUGH,"['BROOKLYN', 'BRONX', 'MANHATTAN']",borough
ZIP CODE,"['11230', '11208', '11233']",zip5
LATITUDE,"['40.62179', '40.667202', '40.683304']",latitude
LONGITUDE,"['-73.970024', '-73.8665', '-73.917274']",longitude
OFF STREET NAME,"['61        Ed Koch queensborough bridge', '1211      LORING AVENUE', '344       BAYCHESTER AVENUE']",address
BOROUGH,"['BROOKLYN', 'QUEENS', 'MANHATTAN']",borough
Bin #,"['3185434', '4623172', '4096492']",bin
Street Name,"['BAY 34 ST', 'BEACH 215 STREET', '7 AVENUE']",address
Zip Code,"['11214', '11697', '11356']",zip5
Special District 1,"['BR', 'HY', 'SRD']",borough_code
Owner's House Street Name,"['WEST 6 ST', 'ROCKAWAY POINT BOULEVARD', 'MAIN ST, SUITE 502']",address
Owner’s House City,"['BROOKLYN', 'ROCKAWAY POINT', 'NEW YORK']",address
Owner’s House Zip Code,"['11214', '11697', '11201']",zip5
LATITUDE,"['40.599043', '40.55486', '40.790594']",latitude
LONGITUDE,"['-73.992006', '-73.923824', '-73.838244']",longitude
COUNCIL_DISTRICT,"['47', '32', '19']",borough_code
Borough,"['QUEENS', 'BRONX', 'BROOKLYN']",borough
Street Name,"['135 ROAD', 'QUEENS BLVD', 'LINCOLN AVE']",address
Bin #,"['4284335', '4050525', '2130735']",bin
City Owned,['Y'],city
Street Frontage,"['0', '142', '80']",address
Special District 1,"['MX-1', 'BR', 'MID']",borough_code
Special District 2,"['MS4', 'MIH', 'IBZ']",borough_code
LATITUDE,"['40.669797', '40.727573', '40.807149']",latitude
LONGITUDE,"['-73.729699', '-73.855368', '-73.929969']",longitude
COUNCIL DISTRICT,"['31', '29', '8']",borough_code
Incident Zip,"['11378', '11420', '10304']",zip5
Incident Address,"['62-41 60 ROAD', '109-55 109 STREET', '755 NARROWS ROAD NORTH']",address
Street Name,"['60 ROAD', '109 STREET', 'NARROWS ROAD NORTH']",address
Cross Street 1,"['FRESH POND ROAD', '109 AVE', 'RICHMOND RD']",address
Cross Street 2,"['MOUNT OLIVET CRESCENT', 'ROCKAWAY BLVD', 'CLOVE RD']",address
Intersection Street 1,"['FRESH POND ROAD', 'CARPENTER AVENUE', '28 STREET']",address
Intersection Street 2,"['MOUNT OLIVET CRESCENT', 'LOWERRE PLACE', '29 STREET']",address
Address Type,"['ADDRESS', 'INTERSECTION', 'BLOCKFACE']",address
Landmark,"['60 ROAD', 'EAST  230 STREET', '33 AVENUE']",address
Community Board,"['05 QUEENS', '10 QUEENS', '01 STATEN ISLAND']",borough
Council District,"['30', '28', '49']",borough_code
Borough,"['QUEENS', 'STATEN ISLAND', 'BROOKLYN']",borough
Park Borough,"['QUEENS', 'STATEN ISLAND', 'BROOKLYN']",borough
Taxi Company Borough,['QUEENS'],borough
Taxi Pick Up Location,"['JOHN F KENNEDY AIRPORT, QUEENS (JAMAICA) ,NY, 11430', '800 EAST  180 STREET, BRONX, NY, 10460', 'JFK Airport']",address
Bridge Highway Direction,"['West/Staten Island Bound', 'Q platform']",address
Latitude,"['40.716368', '40.679442', '40.610665']",latitude
Longitude,"['-73.901141', '-73.830686', '-74.093567']",longitude
Location,"['POINT (-73.901140890702 40.716367604188)', 'POINT (-73.830685904486 40.679442468725)', 'POINT (-74.093566655705 40.610665067613)']",point
Base Address,"['729 LIBERTY AVENUE BROOKLYN NY 11208', '1515 THIRD STREET SAN FRANCISCO CA 94158', '674 CLIFTON AVENUE CLIFTON NJ 07011']",address
Work Location Borough,"['MANHATTAN', 'BRONX', 'BROOKLYN']",borough
BOROUGH,"['BROOKLYN', 'BRONX', 'MANHATTAN']",borough
ZIP CODE,"['11230', '11208', '11233']",zip5
LATITUDE,"['40.62179', '40.667202', '40.683304']",latitude
LONGITUDE,"['-73.970024', '-73.8665', '-73.917274']",longitude
OFF STREET NAME,"['61        Ed Koch queensborough bridge', '1211      LORING AVENUE', '344       BAYCHESTER AVENUE']",address
BOROUGH,"['BROOKLYN', 'QUEENS', 'MANHATTAN']",borough
Bin #,"['3185434', '4623172', '4096492']",bin
Street Name,"['BAY 34 ST', 'BEACH 215 STREET', '7 AVENUE']",address
Zip Code,"['11214', '11697', '11356']",zip5
Special District 1,"['BR', 'HY', 'SRD']",borough_code
Owner's House Street Name,"['WEST 6 ST', 'ROCKAWAY POINT BOULEVARD', 'MAIN ST, SUITE 502']",address
Owner’s House City,"['BROOKLYN', 'ROCKAWAY POINT', 'NEW YORK']",address
Owner’s House Zip Code,"['11214', '11697', '11201']",zip5
LATITUDE,"['40.599043', '40.55486', '40.790594']",latitude
LONGITUDE,"['-73.992006', '-73.923824', '-73.838244']",longitude
COUNCIL_DISTRICT,"['47', '32', '19']",borough_code
Borough,"['QUEENS', 'BRONX', 'BROOKLYN']",borough
Street Name,"['135 ROAD', 'QUEENS BLVD', 'LINCOLN AVE']",address
Bin #,"['4284335', '4050525', '2130735']",bin
City Owned,['Y'],city
Street Frontage,"['0', '142', '80']",address
Special District 1,"['MX-1', 'BR', 'MID']",borough_code
Special District 2,"['MS4', 'MIH', 'IBZ']",borough_code
LATITUDE,"['40.669797', '40.727573', '40.807149']",latitude
LONGITUDE,"['-73.729699', '-73.855368', '-73.929969']",longitude
COUNCIL DISTRICT,"['31', '29', '8']",borough_code
Base Address,"['729 LIBERTY AVENUE BROOKLYN NY 11208', '1515 THIRD STREET SAN FRANCISCO CA 94158', '674 CLIFTON AVENUE CLIFTON NJ 07011']",address
Borough,"['QUEENS', 'BRONX', 'BROOKLYN']",borough
Street Name,"['135 ROAD', 'QUEENS BLVD', 'LINCOLN AVE']",address
Bin #,"['4284335', '4050525', '2130735']",bin
City Owned,['Y'],city
Street Frontage,"['0', '142', '80']",address
Special District 1,"['MX-1', 'BR', 'MID']",borough_code
Special District 2,"['MS4', 'MIH', 'IBZ']",borough_code
LATITUDE,"['40.669797', '40.727573', '40.807149']",latitude
LONGITUDE,"['-73.729699', '-73.855368', '-73.929969']",longitude
COUNCIL DISTRICT,"['31', '29', '8']",borough_code
Incident Zip,"['10452', '11415', '10034']",zip5
Incident Address,"['1065 WOODYCREST AVENUE', '123-33 83 AVENUE', '25 VERMILYEA AVENUE']",address
Street Name,"['WOODYCREST AVENUE', '83 AVENUE', 'VERMILYEA AVENUE']",address
Cross Street 1,"['DYCKMAN STREET', 'HERZL STREET', 'MERRYMOUNT STREET']",address
Cross Street 2,"['ACADEMY STREET', 'AMBOY STREET', 'GARDENIA LANE']",address
Intersection Street 1,"['DYCKMAN STREET', 'HERZL STREET', '78 AVENUE']",address
Intersection Street 2,"['ACADEMY STREET', 'AMBOY STREET', '78 ROAD']",address
Address Type,"['ADDRESS', 'BLOCKFACE', 'INTERSECTION']",address
City,"['BRONX', 'Kew Gardens', 'NEW YORK']",city
Landmark,"['VERMILYEA AVENUE', 'HEGEMAN AVENUE', 'PARSONS BOULEVARD']",address
Community Board,"['04 BRONX', '09 QUEENS', '12 MANHATTAN']",borough
Council District,"['8', '29', '10']",borough_code
Borough,"['BRONX', 'QUEENS', 'MANHATTAN']",borough
Park Borough,"['BRONX', 'QUEENS', 'MANHATTAN']",borough
Taxi Pick Up Location,"['1023 AVENUE OF THE AMERICAS, MANHATTAN (NEW YORK), NY, 10018', '339 WEST   58 STREET, MANHATTAN (NEW YORK), NY, 10019', '74 DEKALB AVENUE, BROOKLYN, NY, 11201']",address
Latitude,"['40.834169', '40.711331', '40.864928']",latitude
Longitude,"['-73.926826', '-73.827153', '-73.925526']",longitude
Location,"['POINT (-73.926825679781 40.834168988891)', 'POINT (-73.827152935162 40.711331480881)', 'POINT (-73.925526445076 40.864928069544)']",point
Work Location Borough,"['MANHATTAN', 'BRONX', 'BROOKLYN']",borough
BOROUGH,"['BROOKLYN', 'BRONX', 'MANHATTAN']",borough
ZIP CODE,"['11230', '11208', '11233']",zip5
LATITUDE,"['40.62179', '40.667202', '40.683304']",latitude
LONGITUDE,"['-73.970024', '-73.8665', '-73.917274']",longitude
OFF STREET NAME,"['61        Ed Koch queensborough bridge', '1211      LORING AVENUE', '344       BAYCHESTER AVENUE']",address
BOROUGH,"['BROOKLYN', 'QUEENS', 'MANHATTAN']",borough
Bin #,"['3185434', '4623172', '4096492']",bin
Street Name,"['BAY 34 ST', 'BEACH 215 STREET', '7 AVENUE']",address
Zip Code,"['11214', '11697', '11356']",zip5
Special District 1,"['BR', 'HY', 'SRD']",borough_code
Owner's House Street Name,"['WEST 6 ST', 'ROCKAWAY POINT BOULEVARD', 'MAIN ST, SUITE 502']",address
Owner’s House City,"['BROOKLYN', 'ROCKAWAY POINT', 'NEW YORK']",address
Owner’s House Zip Code,"['11214', '11697', '11201']",zip5
LATITUDE,"['40.599043', '40.55486', '40.790594']",latitude
LONGITUDE,"['-73.992006', '-73.923824', '-73.838244']",longitude
COUNCIL_DISTRICT,"['47', '32', '19']",borough_code
BORO,"['Queens', 'Staten Island', 'Brooklyn']",borough
STREET,"['47 STREET', 'FOREST AVENUE', 'BEDFORD AVE']",address
ZIPCODE,"['11103', '10303', '11216']",zip5
Latitude,"['40.766568', '40.627561', '40.684195']",latitude
Longitude,"['-73.905124', '-74.167547', '-73.954068']",longitude
Council District,"['22', '49', '36']",borough_code
BIN,"['4013583', '5169467', '3338695']",bin
Location,"['POINT (-73.905123532108 40.766568442385)', 'POINT (-74.167546545664 40.627561241672)', 'POINT (-73.954068247945 40.684195084963)']",point
Work Location Borough,"['MANHATTAN', 'BRONX', 'BROOKLYN']",borough
Base Address,"['1515 THIRD STREET SAN FRANCISCO CA 94158', '2 TOMPKINS AVENUE STATEN ISLAND NY 10304', '191 HIGH STREET WALTHAM MA 02453']",address
BOROUGH,"['BROOKLYN', 'BRONX', 'MANHATTAN']",borough
ZIP CODE,"['11230', '11208', '11233']",zip5
LATITUDE,"['40.62179', '40.667202', '40.683304']",latitude
LONGITUDE,"['-73.970024', '-73.8665', '-73.917274']",longitude
OFF STREET NAME,"['61        Ed Koch queensborough bridge', '1211      LORING AVENUE', '344       BAYCHESTER AVENUE']",address
Incident Zip,"['11220', '11223', '10458']",zip5
Incident Address,"['4912 3 AVENUE', 'EAST    9 STREET', '78 ROAD']",address
Street Name,"['3 AVENUE', 'EAST    9 STREET', '78 ROAD']",address
Cross Street 1,"['AVENUE R', '78 ROAD', 'CARROLL STREET']",address
Cross Street 2,"['KINGS HIGHWAY', '150 STREET', 'CROWN STREET']",address
Intersection Street 1,"['SEAGIRT AVENUE', 'EAST 142 STREET', 'EAST 191 STREET']",address
Intersection Street 2,"['BOROUGH BOUNDARY', 'EAST 142 STREET', 'HUGHES AVENUE']",address
Address Type,"['INTERSECTION', 'ADDRESS', 'BLOCKFACE']",address
City,"['BROOKLYN', 'BRONX', 'NEW YORK']",city
Landmark,"['BROADWAY', '28 STREET', '8 AVENUE']",address
Community Board,"['Unspecified BROOKLYN', 'Unspecified QUEENS', '07 BROOKLYN']",borough
Council District,"['38', '15', '24']",borough_code
Borough,"['BROOKLYN', 'QUEENS', 'BRONX']",borough
Park Borough,"['BROOKLYN', 'QUEENS', 'BRONX']",borough
Taxi Pick Up Location,['JFK Airport'],address
Bridge Highway Direction,"['West/Manhattan Bound', 'South/JFK Airport Bound', 'Queens Bound']",address
Road Ramp,"['Lorimer St & Broadway', 'Ramp', 'Roadway']",address
Latitude,"['40.704269', '40.648114', '40.858666']",latitude
Longitude,"['-73.948143', '-74.014148', '-73.883946']",longitude
Location,"['POINT (-73.948143109142 40.704269262238)', 'POINT (-74.014147919631 40.648113755458)', 'POINT (-73.883945830615 40.858666013808)']",point
Borough,"['QUEENS', 'BRONX', 'BROOKLYN']",borough
Street Name,"['135 ROAD', 'QUEENS BLVD', 'LINCOLN AVE']",address
Bin #,"['4284335', '4050525', '2130735']",bin
City Owned,['Y'],city
Street Frontage,"['0', '142', '80']",address
Special District 1,"['MX-1', 'BR', 'MID']",borough_code
Special District 2,"['MS4', 'MIH', 'IBZ']",borough_code
LATITUDE,"['40.669797', '40.727573', '40.807149']",latitude
LONGITUDE,"['-73.729699', '-73.855368', '-73.929969']",longitude
COUNCIL DISTRICT,"['31', '29', '8']",borough_code
BOROUGH,"['BROOKLYN', 'QUEENS', 'STATEN ISLAND']",borough
Bin #,"['3185434', '4623172', '5174573']",bin
Street Name,"['BAY 34 ST', 'BEACH 215 STREET', 'RICHMOND TERRACE']",address
Zip Code,"['11214', '11697', '10301']",zip5
Special District 1,"['SRD', 'BR', 'TA']",borough_code
Owner's House Street Name,"['WEST 6 ST', 'ROCKAWAY POINT BOULEVARD', 'MAIN ST, SUITE 502']",address
Owner’s House City,"['BROOKLYN', 'ROCKAWAY POINT', 'NEW YORK']",address
Owner’s House Zip Code,"['11214', '11697', '11201']",zip5
LATITUDE,"['40.599043', '40.55486', '40.645602']",latitude
LONGITUDE,"['-73.992006', '-73.923824', '-74.092344']",longitude
COUNCIL_DISTRICT,"['47', '32', '49']",borough_code
Base Address,"['1515 THIRD STREET SAN FRANCISCO CA 94158', '2 TOMPKINS AVENUE STATEN ISLAND NY 10304', '191 HIGH STREET WALTHAM MA 02453']",address
Work Location Borough,"['MANHATTAN', 'BRONX', 'BROOKLYN']",borough
BOROUGH,"['BROOKLYN', 'BRONX', 'MANHATTAN']",borough
ZIP CODE,"['11230', '11208', '11233']",zip5
LATITUDE,"['40.62179', '40.667202', '40.683304']",latitude
LONGITUDE,"['-73.970024', '-73.8665', '-73.917274']",longitude
OFF STREET NAME,"['61        Ed Koch queensborough bridge', '1211      LORING AVENUE', '344       BAYCHESTER AVENUE']",address
Borough,"['QUEENS', 'BRONX', 'BROOKLYN']",borough
Street Name,"['135 ROAD', 'QUEENS BLVD', 'LINCOLN AVE']",address
Bin #,"['4284335', '4050525', '2130735']",bin
City Owned,['Y'],city
Street Frontage,"['0', '142', '80']",address
Special District 1,"['MX-1', 'BR', 'MID']",borough_code
Special District 2,"['MS4', 'MIH', 'IBZ']",borough_code
LATITUDE,"['40.669797', '40.727573', '40.807149']",latitude
LONGITUDE,"['-73.729699', '-73.855368', '-73.929969']",longitude
COUNCIL DISTRICT,"['31', '29', '8']",borough_code
BOROUGH,"['BROOKLYN', 'QUEENS', 'STATEN ISLAND']",borough
Bin #,"['3185434', '4623172', '5174573']",bin
Street Name,"['BAY 34 ST', 'BEACH 215 STREET', 'RICHMOND TERRACE']",address
Zip Code,"['11214', '11697', '10301']",zip5
Special District 1,"['SRD', 'BR', 'TA']",borough_code
Owner's House Street Name,"['WEST 6 ST', 'ROCKAWAY POINT BOULEVARD', 'MAIN ST, SUITE 502']",address
Owner’s House City,"['BROOKLYN', 'ROCKAWAY POINT', 'NEW YORK']",address
Owner’s House Zip Code,"['11214', '11697', '11201']",zip5
LATITUDE,"['40.599043', '40.55486', '40.645602']",latitude
LONGITUDE,"['-73.992006', '-73.923824', '-74.092344']",longitude
COUNCIL_DISTRICT,"['47', '32', '49']",borough_code
Incident Zip,"['11207', '10467', '10075']",zip5
Incident Address,"['190 COZINE AVENUE', '725 EAST GUNHILL ROAD', '301 EAST   79 STREET']",address
Street Name,"['COZINE AVENUE', 'EAST GUNHILL ROAD', 'EAST   79 STREET']",address
Cross Street 1,"['VERMONT STREET', 'WHITE PLAINS ROAD', '2 AVENUE']",address
Cross Street 2,"['VAN SICLEN AVENUE', 'HOLLAND AVENUE', '1 AVENUE']",address
Intersection Street 1,"['VERMONT STREET', 'WHITE PLAINS ROAD', '2 AVENUE']",address
Intersection Street 2,"['VAN SICLEN AVENUE', 'HOLLAND AVENUE', '1 AVENUE']",address
Address Type,"['ADDRESS', 'INTERSECTION', 'BLOCKFACE']",address
City,"['BROOKLYN', 'BRONX', 'NEW YORK']",city
Landmark,"['COZINE AVENUE', 'EAST GUN HILL ROAD', 'EAST   79 STREET']",address
Community Board,"['05 BROOKLYN', '12 BRONX', '08 MANHATTAN']",borough
Council District,"['42', '12', '5']",borough_code
Borough,"['BROOKLYN', 'BRONX', 'MANHATTAN']",borough
Park Borough,"['BROOKLYN', 'BRONX', 'MANHATTAN']",borough
Taxi Company Borough,['MANHATTAN'],borough
Taxi Pick Up Location,"['729 GRAND STREET, BROOKLYN, NY, 11211', 'FLATBUSH AVENUE EXTENSION AND FLEET STREET, BROOKLYN, NY, 11', '5 AVENUE AND EAST  104 STREET, MANHATTAN, NY, 10029']",address
Latitude,"['40.655218', '40.877057', '40.773193']",latitude
Longitude,"['-73.884804', '-73.865381', '-73.954693']",longitude
Location,"['POINT (-73.884804319959 40.655218076772)', 'POINT (-73.865381424691 40.877057285381)', 'POINT (-73.954692889945 40.773192756098)']",point
Borough,"['QUEENS', 'BRONX', 'BROOKLYN']",borough
Street Name,"['135 ROAD', 'QUEENS BLVD', 'LINCOLN AVE']",address
Bin #,"['4284335', '4050525', '2130735']",bin
City Owned,['Y'],city
Street Frontage,"['0', '142', '80']",address
Special District 1,"['MX-1', 'BR', 'MID']",borough_code
Special District 2,"['MS4', 'MIH', 'IBZ']",borough_code
LATITUDE,"['40.669797', '40.727573', '40.807149']",latitude
LONGITUDE,"['-73.729699', '-73.855368', '-73.929969']",longitude
COUNCIL DISTRICT,"['31', '29', '8']",borough_code
Block,"['023XX S TROY ST', '039XX W WASHINGTON BLVD', '015XX N DAMEN AVE']",address
District,"['10', '11', '14']",borough_code
X Coordinate,"['1162795', '1174694', '1176857']",x_coord
Y Coordinate,"['1909900', '1901831', '1896680']",y_coord
Latitude,"['41.908418', '41.886018', '41.871835']",latitude
Longitude,"['-87.677407', '-87.633938', '-87.626151']",longitude
CONTACT_1_CITY,"['ADDISON', 'CHICAGO', 'MINOOKA']",city
CONTACT_1_STATE,"['IL', 'OH', 'ILLINOIS']",state_code
CONTACT_1_ZIPCODE,"['60101-', '60618', '60447']",zip5
CONTACT_2_CITY,"['ADDISON', 'MINOOKA', 'NEW LENOX']",city
CONTACT_2_STATE,"['IL', 'IN', 'ILL']",state_code
CONTACT_2_ZIPCODE,"['60101-', '60447', '60451']",zip5
CONTACT_3_CITY,"['CHICAGO', 'LYONS', 'GLENVIEW']",city
CONTACT_3_STATE,"['IL', 'NY']",state_code
CONTACT_3_ZIPCODE,"['60612', '60534-', '60634']",zip5
CONTACT_4_CITY,"['CHICAGO', 'DES PLAINES']",city
CONTACT_4_STATE,['IL'],state_code
XCOORDINATE,"['1177375.297251', '1161738.838138', '1164006.506494']",x_coord
YCOORDINATE,"['1906125.087935', '1908001.135925', '1892048.569508']",y_coord
LATITUDE,"['41.897741', '41.903229', '41.859407']",latitude
LONGITUDE,"['-87.623961', '-87.68134', '-87.673461']",longitude
LOCATION,"['POINT (-87.623961315982 41.897740856253)', 'POINT (-87.681339760936 41.903229293025)', 'POINT (-87.673460709002 41.859406533938)']",point
CONTACT_1_CITY,"['ADDISON', 'CHICAGO', 'MINOOKA']",city
CONTACT_1_STATE,"['IL', 'OH', 'ILLINOIS']",state_code
CONTACT_1_ZIPCODE,"['60101-', '60618', '60447']",zip5
CONTACT_2_CITY,"['ADDISON', 'MINOOKA', 'NEW LENOX']",city
CONTACT_2_STATE,"['IL', 'IN', 'ILL']",state_code
CONTACT_2_ZIPCODE,"['60101-', '60447', '60451']",zip5
CONTACT_3_CITY,"['CHICAGO', 'LYONS', 'GLENVIEW']",city
CONTACT_3_STATE,"['IL', 'NY']",state_code
CONTACT_3_ZIPCODE,"['60612', '60534-', '60634']",zip5
CONTACT_4_CITY,"['CHICAGO', 'DES PLAINES']",city
CONTACT_4_STATE,['IL'],state_code
XCOORDINATE,"['1177375.297251', '1161738.838138', '1164006.506494']",x_coord
YCOORDINATE,"['1906125.087935', '1908001.135925', '1892048.569508']",y_coord
LATITUDE,"['41.897741', '41.903229', '41.859407']",latitude
LONGITUDE,"['-87.623961', '-87.68134', '-87.673461']",longitude
LOCATION,"['POINT (-87.623961315982 41.897740856253)', 'POINT (-87.681339760936 41.903229293025)', 'POINT (-87.673460709002 41.859406533938)']",point
Borough,"['QUEENS', 'BRONX', 'BROOKLYN']",borough
Street Name,"['135 ROAD', 'QUEENS BLVD', 'LINCOLN AVE']",address
Bin #,"['4284335', '4050525', '2130735']",bin
City Owned,['Y'],city
Street Frontage,"['0', '142', '80']",address
Special District 1,"['MX-1', 'BR', 'MID']",borough_code
Special District 2,"['MS4', 'MIH', 'IBZ']",borough_code
LATITUDE,"['40.669797', '40.727573', '40.807149']",latitude
LONGITUDE,"['-73.729699', '-73.855368', '-73.929969']",longitude
COUNCIL DISTRICT,"['31', '29', '8']",borough_code
SERVICE ADDRESS,"['1075 BROADWAY', '111 N 3RD AVE VERNONDALE RES', '162 19 76TH AVE']",address
CITY,"['PLEASANTVILLE', 'MOUNT VERNON', 'FLUSHING']",city
STATE,['NY'],state_code
ZIP CODE,"['10570-2346', '10550-1364', '11366-1133']",zip9
COUNTY,"['WESTCHESTER', 'QUEENS', 'KINGS']",borough
LATITUDE,"['41.1294', '40.91451', '40.72665']",latitude
LONGITUDE,"['-73.77794', '-73.83634', '-73.79787']",longitude
Borough,"['QUEENS', 'BRONX', 'BROOKLYN']",borough
Street Name,"['135 ROAD', 'QUEENS BLVD', 'LINCOLN AVE']",address
Bin #,"['4284335', '4050525', '2130735']",bin
City Owned,['Y'],city
Street Frontage,"['0', '142', '80']",address
Special District 1,"['MX-1', 'BR', 'MID']",borough_code
Special District 2,"['MS4', 'MIH', 'IBZ']",borough_code
LATITUDE,"['40.669797', '40.727573', '40.807149']",latitude
LONGITUDE,"['-73.729699', '-73.855368', '-73.929969']",longitude
COUNCIL DISTRICT,"['31', '29', '8']",borough_code
SERVICE ADDRESS,"['1075 BROADWAY', '111 N 3RD AVE VERNONDALE RES', '162 19 76TH AVE']",address
CITY,"['PLEASANTVILLE', 'MOUNT VERNON', 'FLUSHING']",city
STATE,['NY'],state_code
ZIP CODE,"['10570-2346', '10550-1364', '11366-1133']",zip9
COUNTY,"['WESTCHESTER', 'QUEENS', 'KINGS']",borough
LATITUDE,"['41.1294', '40.91451', '40.72665']",latitude
LONGITUDE,"['-73.77794', '-73.83634', '-73.79787']",longitude
CONTACT_1_CITY,"['HOMER GLEN', 'CHICAGO', 'VERNON HILLS']",city
CONTACT_1_STATE,"['IL', 'KS', 'CA']",state_code
CONTACT_1_ZIPCODE,"['60491', '60642-', '60619']",zip5
CONTACT_2_CITY,"['MOKENA', 'HOMER GLEN', 'CHICAGO']",city
CONTACT_2_STATE,"['IL', 'NC', 'CA']",state_code
CONTACT_2_ZIPCODE,"['60448', '60491', '60614-']",zip5
CONTACT_3_CITY,"['WHEELING', 'CHICAGO', 'GURNEE']",city
CONTACT_3_STATE,"['IL', 'NY', 'MI']",state_code
CONTACT_3_ZIPCODE,"['60090', '60614', '60031']",zip5
CONTACT_4_CITY,"['CHICAGO', 'CHGO', 'CHIC']",city
CONTACT_4_STATE,"['IL', 'CA', 'CO']",state_code
CONTACT_5_CITY,"['CHICAGO', 'EVANSTON', 'EAST DUNDEE']",city
CONTACT_5_STATE,"['IL', 'NY', 'NJ']",state_code
CONTACT_5_ZIPCODE,"['60607', '60642', '60201-']",zip5
CONTACT_6_CITY,"['CHICAGO', 'EVANSTON', 'EAST DUNDEE']",city
CONTACT_6_STATE,"['IL', 'NY', 'IN']",state_code
CONTACT_6_ZIPCODE,"['60659', '60610', '60638']",zip5
CONTACT_7_CITY,"['MORTON GROVE', 'EVANSTON', 'CHICAGO']",city
CONTACT_7_STATE,"['IL', 'WA']",state_code
CONTACT_8_CITY,"['EVANSTON', 'CHICAGO', 'CAROL STREAM']",city
CONTACT_8_STATE,['IL'],state_code
CONTACT_8_ZIPCODE,"['60202', '60614', '60201-']",zip5
CONTACT_9_CITY,"['EVANSTON', 'CHICAGO', 'BROADVIEW']",city
CONTACT_9_STATE,['IL'],state_code
CONTACT_9_ZIPCODE,"['60202', '60610', '60155-']",zip5
CONTACT_10_CITY,"['OAK FOREST', 'CHICAGO', 'NORTHBROOK']",city
CONTACT_10_STATE,['IL'],state_code
CONTACT_10_ZIPCODE,"['60452', '60606', '60062-']",zip5
CONTACT_11_CITY,['GLENCOE'],city
CONTACT_11_STATE,['IL'],state_code
CONTACT_11_ZIPCODE,['60022-'],zip5
XCOORDINATE,"['1162912.092328', '1161422.158844', '1168462.345143']",x_coord
YCOORDINATE,"['1950065.435465', '1889145.50495', '1917957.797161']",y_coord
LATITUDE,"['42.018631', '41.851494', '41.930408']",latitude
LONGITUDE,"['-87.675845', '-87.683028', '-87.656354']",longitude
LOCATION,"['POINT (-87.675844598018 42.018631130261)', 'POINT (-87.683027767753 41.851494345646)', 'POINT (-87.656354338933 41.930408052126)']",point
ADDRESS,"['240 WOLF ROAD,  ALBANY', '560 Harry L. DRIVE,  JOHNSON CITY', '1101 BUNN HILL ROAD,  VESTAL']",address
FACILITY ADDRESS,"['240 WOLF ROAD', '560 Harry L. DRIVE', '1101 BUNN HILL ROAD']",address
CITY,"['ALBANY', 'JOHNSON CITY', 'VESTAL']",city
ZIP CODE,"['12205', '13790', '13850']",zip5
MUNICIPALITY,"['COLONIE', 'UNION', 'VESTAL']",city
ADDRESS,"['240 WOLF ROAD,  ALBANY', '560 Harry L. DRIVE,  JOHNSON CITY', '1101 BUNN HILL ROAD,  VESTAL']",address
FACILITY ADDRESS,"['240 WOLF ROAD', '560 Harry L. DRIVE', '1101 BUNN HILL ROAD']",address
CITY,"['ALBANY', 'JOHNSON CITY', 'VESTAL']",city
ZIP CODE,"['12205', '13790', '13850']",zip5
MUNICIPALITY,"['COLONIE', 'UNION', 'VESTAL']",city
SERVICE ADDRESS,"['1075 BROADWAY', '111 N 3RD AVE VERNONDALE RES', '162 19 76TH AVE']",address
CITY,"['PLEASANTVILLE', 'MOUNT VERNON', 'FLUSHING']",city
STATE,['NY'],state_code
ZIP CODE,"['10570-2346', '10550-1364', '11366-1133']",zip9
COUNTY,"['WESTCHESTER', 'QUEENS', 'KINGS']",borough
LATITUDE,"['41.1294', '40.91451', '40.72665']",latitude
LONGITUDE,"['-73.77794', '-73.83634', '-73.79787']",longitude
Borough,"['QUEENS', 'BRONX', 'BROOKLYN']",borough
Street Name,"['135 ROAD', 'QUEENS BLVD', 'LINCOLN AVE']",address
Bin #,"['4284335', '4050525', '2130735']",bin
City Owned,['Y'],city
Street Frontage,"['0', '142', '80']",address
Special District 1,"['MX-1', 'BR', 'MID']",borough_code
Special District 2,"['MS4', 'MIH', 'IBZ']",borough_code
LATITUDE,"['40.669797', '40.727573', '40.807149']",latitude
LONGITUDE,"['-73.729699', '-73.855368', '-73.929969']",longitude
COUNCIL DISTRICT,"['31', '29', '8']",borough_code
Base Address,"['5817   37 AVENUE WOODSIDE NY 11377', '1515 THIRD STREET SAN FRANCISCO CA 94158', '135-25A   40 ROAD FLUSHING NY 11354']",address
Borough,"['QUEENS', 'BRONX', 'BROOKLYN']",borough
Street Name,"['135 ROAD', 'QUEENS BLVD', 'LINCOLN AVE']",address
Bin #,"['4284335', '4050525', '2130735']",bin
City Owned,['Y'],city
Street Frontage,"['0', '142', '80']",address
Special District 1,"['MX-1', 'BR', 'MID']",borough_code
Special District 2,"['MS4', 'MIH', 'IBZ']",borough_code
LATITUDE,"['40.669797', '40.727573', '40.807149']",latitude
LONGITUDE,"['-73.729699', '-73.855368', '-73.929969']",longitude
COUNCIL DISTRICT,"['31', '29', '8']",borough_code
ADDRESS,"['240 WOLF ROAD,  ALBANY', '560 Harry L. DRIVE,  JOHNSON CITY', '1101 BUNN HILL ROAD,  VESTAL']",address
FACILITY ADDRESS,"['240 WOLF ROAD', '560 Harry L. DRIVE', '1101 BUNN HILL ROAD']",address
CITY,"['ALBANY', 'JOHNSON CITY', 'VESTAL']",city
ZIP CODE,"['12205', '13790', '13850']",zip5
MUNICIPALITY,"['COLONIE', 'UNION', 'VESTAL']",city
SERVICE ADDRESS,"['1075 BROADWAY', '111 N 3RD AVE VERNONDALE RES', '162 19 76TH AVE']",address
CITY,"['PLEASANTVILLE', 'MOUNT VERNON', 'FLUSHING']",city
STATE,['NY'],state_code
ZIP CODE,"['10570-2346', '10550-1364', '11366-1133']",zip9
COUNTY,"['WESTCHESTER', 'QUEENS', 'KINGS']",borough
LATITUDE,"['41.1294', '40.91451', '40.72665']",latitude
LONGITUDE,"['-73.77794', '-73.83634', '-73.79787']",longitude
Base Address,"['1515 THIRD STREET SAN FRANCISCO CA 94158', '625 EAST  137 STREET BRONX NY 10454', '3609  164 STREET FLUSHING NY 11358']",address
SERVICE ADDRESS,"['1075 BROADWAY', '111 N 3RD AVE VERNONDALE RES', '162 19 76TH AVE']",address
CITY,"['PLEASANTVILLE', 'MOUNT VERNON', 'FLUSHING']",city
STATE,['NY'],state_code
ZIP CODE,"['10570-2346', '10550-1364', '11366-1133']",zip9
COUNTY,"['WESTCHESTER', 'QUEENS', 'KINGS']",borough
LATITUDE,"['41.1294', '40.91451', '40.72665']",latitude
LONGITUDE,"['-73.77794', '-73.83634', '-73.79787']",longitude
CONTACT_1_CITY,"['ADDISON', 'CHICAGO', 'MINOOKA']",city
CONTACT_1_STATE,"['IL', 'OH', 'ILLINOIS']",state_code
CONTACT_1_ZIPCODE,"['60101-', '60618', '60447']",zip5
CONTACT_2_CITY,"['ADDISON', 'MINOOKA', 'NEW LENOX']",city
CONTACT_2_STATE,"['IL', 'IN', 'ILL']",state_code
CONTACT_2_ZIPCODE,"['60101-', '60447', '60451']",zip5
CONTACT_3_CITY,"['CHICAGO', 'LYONS', 'GLENVIEW']",city
CONTACT_3_STATE,"['IL', 'NY']",state_code
CONTACT_3_ZIPCODE,"['60612', '60534-', '60634']",zip5
CONTACT_4_CITY,"['CHICAGO', 'DES PLAINES']",city
CONTACT_4_STATE,['IL'],state_code
XCOORDINATE,"['1177375.297251', '1161738.838138', '1164006.506494']",x_coord
YCOORDINATE,"['1906125.087935', '1908001.135925', '1892048.569508']",y_coord
LATITUDE,"['41.897741', '41.903229', '41.859407']",latitude
LONGITUDE,"['-87.623961', '-87.68134', '-87.673461']",longitude
LOCATION,"['POINT (-87.623961315982 41.897740856253)', 'POINT (-87.681339760936 41.903229293025)', 'POINT (-87.673460709002 41.859406533938)']",point
Borough,"['QUEENS', 'BRONX', 'BROOKLYN']",borough
Street Name,"['135 ROAD', 'QUEENS BLVD', 'LINCOLN AVE']",address
Bin #,"['4284335', '4050525', '2130735']",bin
City Owned,['Y'],city
Street Frontage,"['0', '142', '80']",address
Special District 1,"['MX-1', 'BR', 'MID']",borough_code
Special District 2,"['MS4', 'MIH', 'IBZ']",borough_code
LATITUDE,"['40.669797', '40.727573', '40.807149']",latitude
LONGITUDE,"['-73.729699', '-73.855368', '-73.929969']",longitude
COUNCIL DISTRICT,"['31', '29', '8']",borough_code
Base Address,"['1515 THIRD STREET SAN FRANCISCO CA 94158', '101-09 NORTHERN BOULEVARD EAST ELMHURST NY 11369', '86-11 LEFFERTS BOULEVARD RICHMOND HILL NY 11418']",address
BOROUGH,"['BROOKLYN', 'BRONX', 'MANHATTAN']",borough
ZIP CODE,"['11230', '11208', '11233']",zip5
LATITUDE,"['40.62179', '40.667202', '40.683304']",latitude
LONGITUDE,"['-73.970024', '-73.8665', '-73.917274']",longitude
OFF STREET NAME,"['61        Ed Koch queensborough bridge', '1211      LORING AVENUE', '344       BAYCHESTER AVENUE']",address
Work Location Borough,"['MANHATTAN', 'BRONX', 'BROOKLYN']",borough
Borough,"['QUEENS', 'BRONX', 'BROOKLYN']",borough
Street Name,"['135 ROAD', 'QUEENS BLVD', 'LINCOLN AVE']",address
Bin #,"['4284335', '4050525', '2130735']",bin
City Owned,['Y'],city
Street Frontage,"['0', '142', '80']",address
Special District 1,"['MX-1', 'BR', 'MID']",borough_code
Special District 2,"['MS4', 'MIH', 'IBZ']",borough_code
LATITUDE,"['40.669797', '40.727573', '40.807149']",latitude
LONGITUDE,"['-73.729699', '-73.855368', '-73.929969']",longitude
COUNCIL DISTRICT,"['31', '29', '8']",borough_code
Incident Zip,"['10001', '10461', '11237']",zip5
Incident Address,"['408 8 AVENUE', '1156 VAN NEST AVENUE', '345 ELDERT STREET']",address
Cross Street 1,"['WEST 30 STREET', 'WILLIAMSBRIDGE ROAD', 'AVENUE K']",address
Cross Street 2,"['WEST 31 STREET', 'YATES AVENUE', 'AVENUE L']",address
Intersection Street 1,"['WEST 30 STREET', 'WILLIAMSBRIDGE ROAD', 'AVENUE K']",address
Intersection Street 2,"['WEST 31 STREET', 'YATES AVENUE', 'AVENUE L']",address
Address Type,"['ADDRESS', 'INTERSECTION', 'BLOCKFACE']",address
City,"['NEW YORK', 'BRONX', 'BROOKLYN']",city
Landmark,"['8 AVENUE', 'VAN NEST AVENUE', 'EAST   15 STREET']",address
Community Board,"['05 MANHATTAN', '11 BRONX', '04 BROOKLYN']",borough
Council District,"['3', '13', '37']",borough_code
Borough,"['MANHATTAN', 'BRONX', 'BROOKLYN']",borough
Park Borough,"['MANHATTAN', 'BRONX', 'BROOKLYN']",borough
Taxi Pick Up Location,"['JOHN F KENNEDY AIRPORT, QUEENS (JAMAICA) ,NY, 11430', '625 8 AVENUE, MANHATTAN (NEW YORK), NY, 10018']",address
Bridge Highway Direction,"['West/Staten Island Bound', 'South/New Jersey Bound']",address
Bridge Highway Segment,"['Mezzanine', 'Wythe Ave / Kent Ave (Exit 31) - Tillary St /Manhattan Br Bklyn Civic Center (Exit 29)', 'Stairway']",address
Latitude,"['40.749923', '40.84925', '40.693653']",latitude
Longitude,"['-73.995102', '-73.849635', '-73.906277']",longitude
Location,"['POINT (-73.995102377074 40.749923393659)', 'POINT (-73.849634893385 40.84925048229)', 'POINT (-73.90627721641 40.69365347114)']",point
BOROUGH,"['BROOKLYN', 'QUEENS', 'STATEN ISLAND']",borough
Bin #,"['3185434', '4623172', '5174573']",bin
Street Name,"['BAY 34 ST', 'BEACH 215 STREET', 'RICHMOND TERRACE']",address
Zip Code,"['11214', '11697', '10301']",zip5
Special District 1,"['SRD', 'BR', 'TA']",borough_code
Owner's House Street Name,"['WEST 6 ST', 'ROCKAWAY POINT BOULEVARD', 'MAIN ST, SUITE 502']",address
Owner’s House City,"['BROOKLYN', 'ROCKAWAY POINT', 'NEW YORK']",address
Owner’s House Zip Code,"['11214', '11697', '11201']",zip5
LATITUDE,"['40.599043', '40.55486', '40.645602']",latitude
LONGITUDE,"['-73.992006', '-73.923824', '-74.092344']",longitude
COUNCIL_DISTRICT,"['47', '32', '49']",borough_code
BORO,"['Brooklyn', 'Bronx', 'Manhattan']",borough
STREET,"['COURT STREET', 'WEST  231 STREET', '8 AVENUE']",address
ZIPCODE,"['11231', '10463', '10011']",zip5
Latitude,"['40.677425', '40.87874', '40.744477']",latitude
Longitude,"['-73.998262', '-73.904297', '-73.999062']",longitude
Council District,"['39', '11', '3']",borough_code
BIN,"['3008064', '2094712', '1014099']",bin
Location,"['POINT (-73.998262277475 40.677424679676)', 'POINT (-73.904297468602 40.878739906751)', 'POINT (-73.999061692268 40.744476657545)']",point
State,"['NY', 'NJ', 'IL']",state_code
County,"['Q', 'NY', 'BX']",borough_code
X,"['-73.956134', '-73.968857', '-73.974281']",longitude
Y,"['40.794082', '40.783783', '40.775534']",latitude
Lat/Long,"['POINT (-73.9561344937861 40.7940823884086)', 'POINT (-73.9688574691102 40.7837825208444)', 'POINT (-73.97428114848522 40.775533619083)']",point
House No,"['43-30', '270', '12']",address
Street Name,"['PARSONS BOULEVARD', 'CARROLL STREET', 'EAST   52 STREET']",address
Borough,"['QUEENS', 'Brooklyn', 'MANHATTAN']",borough
Bin,"['4117367', '3007567', '1035477']",bin
Applicant Business Address,"['19 ROLLING HILLS ROAD', '32-25 GREENPOINT AVENUE', '59-24 57TH STREET']",address
Zip Code,"['11355', '11231', '10022']",zip5
Latitude,"['40.756514', '40.679861', '40.759481']",latitude
Longitude,"['-73.817023', '-73.994167', '-73.975581']",longitude
Council District,"['20', '39', '4']",borough_code
Eviction Address,"['2565 MARION AVENUE APT 2C', '2776 JEROME AVENUE', '1563 METROPOLITAN AVENUE']",address
BOROUGH,"['BRONX', 'QUEENS', 'MANHATTAN']",borough
Eviction Postcode,"['10458', '10468', '10462']",zip5
Latitude,"['40.862931', '40.869722', '40.839696']",latitude
Longitude,"['-73.892217', '-73.895327', '-73.858059']",longitude
Council District,"['15', '14', '18']",borough_code
BIN,"['2016602', '2017499', '2096772']",bin
NTA,"['Bedford Park-Fordham North', 'Van Cortlandt Village', 'Parkchester']",borough
ARREST_BORO,"['Q', 'K', 'B']",borough_code
X_COORD_CD,"['1020232', '1003358', '1011780']",x_coord
Y_COORD_CD,"['210719', '182945', '246837']",y_coord
Latitude,"['40.744989', '40.668798', '40.844152']",latitude
Longitude,"['-73.870145', '-73.93112', '-73.9005']",longitude
Location,"['POINT (-73.870145 40.744989)', 'POINT (-73.93112014 40.66879784)', 'POINT (-73.9005 40.844152)']",point
BORO_NM,"['BROOKLYN', 'MANHATTAN', 'BRONX']",borough
X_COORD_CD,"['991818', '997152', '1004579']",x_coord
TRANSIT_DISTRICT,"['34', '4', '33']",borough_code
Latitude,"['40.692464', '40.771341', '40.671245']",latitude
Longitude,"['-73.972708', '-73.953418', '-73.926713']",longitude
BoroID,"['3', '1', '2']",borough_code
Borough,"['BROOKLYN', 'MANHATTAN', 'BRONX']",borough
HighHouseNumber,"['22 FRONT', '146 REAR', '642']",address
StreetName,"['STAGG STREET', 'LUDLOW STREET', 'EAST 220 STREET']",address
Postcode,"['11206', '10002', '10467']",zip5
Latitude,"['40.884774', '40.849718', '40.658186']",latitude
Longitude,"['-73.863995', '-73.90455', '-73.958469']",longitude
CensusTract,"['392', '23502', '79601']",zip5
BIN,"['2099579', '2007730', '3115515']",bin
House Street,"['120 STREET', 'ASTORIA BOULEVARD', 'WEST  144 STREET']",address
ZIP Code,"['11420', '11102', '10031']",zip5
BIN,"['4254009', '4006116', '1060958']",bin
Special District,['IBZ'],borough_code
BORO,"['5', '1', '4']",borough_code
BIN,"['0', '1000005', '1000006']",bin
ARREST_BORO,"['M', 'K', 'B']",borough_code
X_COORD_CD,"['988210', '997897', '1003509']",x_coord
Y_COORD_CD,"['218129', '175676', '185018']",y_coord
Latitude,"['40.76539', '40.648859', '40.674496']",latitude
Longitude,"['-73.985702', '-73.95082', '-73.930571']",longitude
Lon_Lat,"['POINT (-73.985702 40.76539)', 'POINT (-73.95082 40.648859)', 'POINT (-73.9305713255961 40.6744956865259)']",point
BORO_NM,"['BRONX', 'BROOKLYN', 'STATEN ISLAND']",borough
HOUSING_PSA,"['34703', '255', '258']",zip5
PATROL_BORO,"['PATROL BORO BRONX', 'PATROL BORO BKLYN SOUTH', 'PATROL BORO STATEN ISLAND']",borough
TRANSIT_DISTRICT,"['34', '23']",borough_code
X_COORD_CD,"['1025119', '995229', '998516']",x_coord
Latitude,"['40.904246', '40.576826', '40.610414']",latitude
Longitude,"['-73.852155', '-73.960478', '-73.948619']",longitude
New Georeferenced Column,"['POINT (-73.85215489 40.9042464)', 'POINT (-73.960478 40.576826)', 'POINT (-73.948619 40.610414)']",point
House No,"['418', '35-16 GAR', '56-05']",address
Borough,"['Manhattan', 'Queens', 'Brooklyn']",borough
Bin,"['1006014', '4624658', '4451702']",bin
Applicant Street Name,"['68-01 61ST. ROAD', '30-05 STRATTON STREET', '3609 Main St, Suite 6D']",address
Applicant City,"['MIDDLE VILLAGE', 'FLUSHING', 'NEW YORK']",city
Applicant State,"['NY', 'NJ', 'PA']",state_code
Applicant Zip,"['11379', '11354', '10018']",zip5
Filing Representative Street Name,"['2520 BQE WEST', '410 CENTRAL BLVD', '233 Broadway, Ste 2050']",address
Filing Representative City,"['WOODSIDE', 'NEW HYDE PARK', 'NEW YORK']",city
Filing Representative State,"['NY', 'NJ', 'FL']",state_code
Filing Representative Zip,"['11377', '11040', '10279']",zip5
Latitude,"['40.730898', '40.76907', '40.754317']",latitude
Longitude,"['-73.981451', '-73.771908', '-73.754492']",longitude
Postcode,"['10009', '11361', '11364']",zip5
Council District,"['2', '19', '23']",borough_code
Borough,"['1', '4']",borough_code
Council District,"['1', '2', '21']",borough_code
Street Name,"['SOUTH END AVENUE', 'WEST STREET', 'GREENWICH STREET']",address
Zip Code,"['10280', '10006', '10005']",zip5
Registration State,"['ND', 'NY', '99']",state_code
Intersecting Street,"['WALKER ST', 'E 156 ST', 'CROSS ISL']",address
Unregistered Vehicle?,['0'],country
BX_DEATH_COUNT,"['0', '1', '3']",borough_code
QN_HOSPITALIZED_COUNT,"['0', '2', '4']",borough_code
QN_DEATH_COUNT,"['0', '1', '4']",borough_code
address,"['108-005 70 AVENUE', '147-074 7 AVENUE', '390 MORGAN AVENUE']",address
postcode,"['11375', '11357', '11211']",zip5
borocode,"['4', '3', '1']",borough_code
borough,"['Queens', 'Brooklyn', 'Manhattan']",borough
st_assem,"['28', '27', '50']",state_code
st_senate,"['16', '11', '18']",state_code
state,['New York'],state_code
latitude,"['40.723092', '40.794111', '40.717581']",latitude
longitude,"['-73.844215', '-73.818679', '-73.936608']",longitude
x_sp,"['1027431.148', '1034455.701', '1001822.831']",x_coord
council district,"['29', '19', '34']",borough_code
bin,"['4052307', '4101931', '3338310']",bin
Geo Place Name,"['Kingsbridge - Riverdale', 'Northeast Bronx', 'Fordham - Bronx Pk']",borough
PRIMARY_ADDRESS_LINE_1,"['333 EAST  4 STREET', '185 1 AVENUE', '166 ESSEX STREET']",address
STATE_CODE,['NY'],state_code
X_COORDINATE,"['990141', '988547', '988044']",x_coord
Y_COORDINATE,"['202349', '205239', '202068']",y_coord
COMMUNITY_DISTRICT,"['103', '102', '108']",borough_code
COUNCIL_DISTRICT,"['2', '1', '3']",borough_code
GEOGRAPHICAL_DISTRICT_CODE,"['1', '2', '3']",borough_code
ADMINISTRATIVE_DISTRICT_NAME,"['COMMUNITY SCHOOL DISTRICT 01', 'COMMUNITY SCHOOL DISTRICT 02', 'COMMUNITY SCHOOL DISTRICT 03']",borough
validated_borough,"['Bronx', 'Brooklyn', 'Manhattan']",borough
unverified_borough,"['Bronx', 'Brooklyn', 'Manhattan']",borough
latitude,"['40.802977', '40.764912', '40.785958']",latitude
longitude,"['-73.95353', '-73.95955', '-73.951808']",longitude
owner,"['City Owned', 'City Leased']",city
street,"['West  115 Street', 'East   67 Street', 'East   96 Street']",address
city,"['New York', 'Bronx', 'Staten Island']",city
postcode,"['10026', '10065', '10128']",zip5
borough,"['Manhattan', 'Bronx', 'Staten Island']",borough
bin,"['1055236', '1044749', '1048501']",bin
num_floors,"['3', '4', '2']",borough_code
council district,"['9', '5', '4']",borough_code
nta,"['Central Harlem South', 'Lenox Hill-Roosevelt Island', 'Upper East Side-Carnegie Hill']",borough
target_neighborhood,"['Y', 'N']",city
From New York State Source,"['158', '42896', '292']",state
Location,"['SS - IFO 1420 E/S Grand Concourse, 1st SS S/O E 171st St, 20""', 'SS - N/S Dewey Ave, btw Quincy & Swinton Aves, 12""', 'SS - N/S Jefferson Avenue, 2nd SS W/O Lewis Avenue, 20""']",address
BBL,"['1-1268-1102', '1-4-1010', '1-16-150']",bbl
Borough,['Manhattan'],borough
Building Name,"['666 Fifth Avenue', 'One New York Plaza', '250 Vesey Street']",address
Street Address,"['666 5 AVENUE', '1 WATER STREET', '250 VESEY PLACE']",address
Diverse Riser Locations,"['Yes', 'Does not have two or more diverse riser locations']",address
Latitude,"['40.760549', '40.702444', '40.711537']",latitude
Longitude,"['-73.976421', '-74.012742', '-74.015673']",longitude
BIN,"['1034520', '1000005', '1000058']",bin
NTA,"['Midtown-Midtown South', 'Battery Park City-Lower Manhattan', 'Murray Hill-Kips Bay']",borough
Postcode,"['10103', '10004', '10280']",zip5
Council District,"['4', '1', '3']",borough_code
borocode,"['X', 'M', 'Q']",borough_code
primary_address_line_1,"['800 EAST GUN HILL ROAD', '122 AMSTERDAM AVENUE', '121-10 ROCKAWAY BOULEVARD']",address
city,"['BRONX', 'MANHATTAN', 'SOUTH OZONE PARK']",city
state_code,['NY'],state_code
postcode,"['10467', '10023', '11420']",zip5
subway,"['2, 5 to Gun Hill Rd', '1 to 66th St-Lincoln Center; 2, 3 to 72nd St; A, C, B, D to 59th St-Columbus Circle', '1 to 191st St; A to 190th St']",address
psal_sports_coed,"['Double Dutch', 'Cricket', 'Golf']",country
girls,['1'],borough_code
boys,['1'],borough_code
seats9ge6,"['25', '29', '33']",latitude
Borough,"['BRONX', 'MANHATTAN', 'QUEENS']",borough
Latitude,"['40.875953', '40.774351', '40.675771']",latitude
Longitude,"['-73.86197', '-73.984753', '-73.816938']",longitude
Council District,"['12', '6', '28']",borough_code
BIN,"['2057045', '1030343', '4253607']",bin
Location1,"['POINT (-73.86197 40.875953)', 'POINT (-73.984753 40.774351)', 'POINT (-73.816938 40.675771)']",point
Project Address,"['157-10/156-20\nRiverside Drive West, New York, New York', '443 West 135th Street, New York, NY, 10031', '220 East 106th Street, New York, NY 10029']",address
Postcode,"['10031', '10029', '10024']",zip5
Borough,['Manhattan'],borough
Latitude,"['40.818188', '40.791238', '40.781312']",latitude
Longitude,"['-73.950356', '-73.943908', '-73.972254']",longitude
BIN,"['1059409', '1052428', '1083846']",bin
NTA,"['Manhattanville', 'East Harlem South', 'Upper West Side']",borough
BORO_NM,"['STATEN ISLAND', 'BROOKLYN', 'QUEENS']",borough
HOUSING_PSA,"['42004', '252', '1291']",zip5
PATROL_BORO,"['PATROL BORO STATEN ISLAND', 'PATROL BORO BKLYN SOUTH', 'PATROL BORO QUEENS SOUTH']",borough
TRANSIT_DISTRICT,"['34', '23']",borough_code
X_COORD_CD,"['934887', '935052', '939698']",x_coord
Y_COORD_CD,"['131256', '133094', '139876']",y_coord
Latitude,"['40.526814', '40.531862', '40.5505']",latitude
Longitude,"['-74.177565', '-74.176985', '-74.160315']",longitude
New Georeferenced Column,"['POINT (-74.177565 40.526814)', 'POINT (-74.176985 40.531862)', 'POINT (-74.160315 40.5505)']",point
BOROUGH,"['Manhattan', 'Bronx', 'Brooklyn']",borough
PROGRAM,"['FEDERAL', 'FORMER NEW YORK STATE', 'FORMER NEW YORK CITY']",state
Residents 4 to 5,"['5492', '358', '293']",borough_code
Residents 14 to 17,"['19501', '1351', '991']",address
Residents 18 to 20,"['14427', '1057', '723']",address
Street,"['JACKSON AVENUE', 'LINDEN PLACE', '19 AVENUE']",address
City,"['Long Island City', 'Flushing', 'Brooklyn']",city
State,['NY'],state_code
Borough,"['Queens', 'Brooklyn', 'Bronx']",borough
ZipCode,"['11101', '11354', '11214']",zip5
LATITUDE,"['40.747941', '40.770178', '40.611476']",latitude
LONGITUDE,"['-73.940079', '-73.832924', '-73.994677']",longitude
BIN,"['4005127', '4100749', '3160923']",bin
BOROCODE,"['4', '3', '2']",borough_code
NEIGHBORHOOD,"['AIRPORT LA GUARDIA', 'ARVERNE', 'ASTORIA']",city
num_trips,"['4', '61', '53']",borough_code
race_1,"['0', '1']",borough_code
race_3,"['0', '1']",borough_code
race_4,"['0', '1']",borough_code
race_5,"['0', '1']",borough_code
ethnicity_1,"['0', '1']",borough_code
ethnicity_2,"['0', '1']",borough_code
ethnicity_3,"['1', '0']",borough_code
ethnicity_4,"['0', '1']",borough_code
ethnicity_5,"['1', '0']",borough_code
work_county,"['36061', '36081', '36005']",zip5
no_bike_nyc_1,"['995', '0', '1']",borough_code
no_bike_nyc_2,"['995', '0', '1']",borough_code
no_bike_nyc_3,"['995', '0', '1']",borough_code
no_bike_nyc_4,"['995', '0', '1']",borough_code
no_bike_nyc_5,"['995', '0', '1']",borough_code
no_bike_nyc_6,"['995', '0', '1']",borough_code
City Funds,"['1106', '1100', '1098']",city
District,"['1', '2', '3']",borough_code
Address,"['333 East 4th Street', '185 1st Avenue', '166 Essex Street']",address
Postcode,"['10009', '10003', '10002']",zip5
Borough,"['MANHATTAN', 'BRONX', 'BROOKLYN']",borough
Latitude,"['40.721791', '40.729636', '40.72154']",latitude
Longitude,"['-73.978986', '-73.983818', '-73.986648']",longitude
Council District,"['2', '1', '3']",borough_code
BIN,"['1004415', '1006478', '1004325']",bin
State of Registration,['NY'],state_code
Street Address,"['28 West 25th Street', '167 West 89th Street', '325 3rd Avenue']",address
Borough,"['Manhattan', 'New York', 'Brooklyn']",borough
Postcode,"['10010', '10024', '10017']",zip5
Latitude,"['40.743416', '40.78917', '40.739682']",latitude
Longitude,"['-73.990083', '-73.972525', '-73.98252']",longitude
Council District ,"['3', '6', '2']",borough_code
BIN,"['1080687', '1081050', '1019784']",bin
Borough,"['Bronx', 'Brooklyn', 'Manhattan']",borough
Development,"['1010 East 178th Street', '104-14 Tapscott Street', '1162-1176 Washington Avenue']",address
Council District,"['1', '2', '3']",borough_code
Registration State,"['NY', 'MA', '99']",state_code
Street Name,"['E 112TH ST', 'E 100TH ST', '1ST AVE']",address
Intersecting Street,"['10 ST', '15TH ST', 'N/O RANDALL AVE']",address
Unregistered Vehicle?,['0'],country
ADMINISTRATIVE DISTRICT,"['1', '2', '3']",borough_code
Borough,"['Bronx', 'Manhattan']",borough
BoroughName,"['Queens', 'Brooklyn', 'Manhattan']",borough
city_agency,"['DOHMH', 'DEP', 'PEU']",city
park_borough,"['Brooklyn', 'Queens', 'Manhattan']",borough
TruckState,"['GA', 'PA', 'NJ']",state_code
TrailerState,"['GA', 'PA', 'NJ']",state_code
StartStreetAddress,"['26-01 Ulmer st', '400 Walnut Street', '47TH ST & MADISON AVE']",address
StartCity,"['Flushing', 'Bronx', 'MANHATTAN']",city
StartState,['NY'],state_code
StartZipCode,"['11354', '10454', '10017']",zip5
EndStreetAddress,"['1288 Herkimer st', '120 Schermerhorn', '47TH ST & MADISON AVE']",address
EndCity,"['Brooklyn', 'New York', 'MANHATTAN']",city
EndState,['NY'],state_code
EndZipCode,"['11233', '11201', '22222']",zip5
On Street,"['Dawson Street', 'Home St', 'Bogart St']",address
To Street,"['Longwood Ave', 'Southern Blvd', 'Flushing Ave']",address
the_geom,"['MULTIPOLYGON (((-74.08100100007205 40.63708100001727, -74.08232099994294 40.636349000355644, -74.08379399991477 40.63579199986794, -74.08515199964269 40.636349000030435, -74.08483099945983 40.636741999683466, -74.08542599960774 40.636638999946975, -74.08585400000766 40.63668100018461, -74.08715800030568 40.637679999872354, -74.08759299959117 40.63824799959347, -74.0874180001038 40.63914100015735, -74.08643300036657 40.64297899968616, -74.08663900047928 40.643951000448624, -74.08892099952865 40.64675100023088, -74.08734900001015 40.64762099974518, -74.08651000022758 40.64652999957313, -74.08573900024825 40.64683200024266, -74.08445000048107 40.64675899983898, -74.08128400040745 40.646029999937745, -74.07890299953684 40.642971000407535, -74.07823199956019 40.642239000403045, -74.07807899995441 40.64196000033007, -74.07778199970835 40.6416209996189, -74.07784299956684 40.641289000121276, -74.07694199989857 40.63777200039887, -74.07781999999273 40.638119000016246, -74.07852199979995 40.63830199994789, -74.07885700054258 40.638279000176595, -74.07906299945188 40.63820999963274, -74.0804369996508 40.63740199967137, -74.08044399999748 40.637398000071244, -74.0805890002412 40.6373289998186, -74.08093299987559 40.637279999602846, -74.0808939999421 40.63716500012841, -74.08100100007205 40.63708100001727)))', 'MULTIPOLYGON (((-73.86942458231836 40.749156869177575, -73.86968550926491 40.74961236198335, -73.87084215289002 40.75154471169357, -73.87179244187887 40.75332566967336, -73.8720704686952 40.75386200525498, -73.8727110000469 40.75502799976053, -73.87188583255904 40.75511354800125, -73.87099317582592 40.75520380096075, -73.8700830434721 40.755301500597966, -73.86916858653278 40.75539475764361, -73.86815019719812 40.755503845489635, -73.86713034503397 40.75561260747011, -73.86623774040446 40.75570572147661, -73.8653445357632 40.7557997481843, -73.86429755307825 40.755915756479936, -73.86339785770244 40.75599958292852, -73.86250537966028 40.756099162622654, -73.8616109035656 40.756188465431, -73.8607185203269 40.75628664461909, -73.86055700471788 40.75543815423083, -73.86042245576758 40.75464515838106, -73.86029001598048 40.753935487813145, -73.86023957813659 40.75360485064658, -73.85999430599813 40.753112255700124, -73.85958608711285 40.75232148307513, -73.85917841682945 40.751527286745315, -73.85876324878132 40.75071697140668, -73.85986299966251 40.75037800041345, -73.8611170723241 40.75002424586927, -73.86175071544201 40.749967591805806, -73.86272633497452 40.74986795589245, -73.86405819599422 40.74973109601633, -73.86655661056915 40.74946414912745, -73.8675141286424 40.74937570803689, -73.86845757605887 40.74926382073106, -73.86942458231836 40.749156869177575)))', 'MULTIPOLYGON (((-73.88713100050974 40.76488899996335, -73.88658900002495 40.76203899986565, -73.88623000006008 40.76060900016722, -73.88594799977055 40.75921999966695, -73.89106000045204 40.758700999865, -73.89437899964518 40.75840799999479, -73.89914699944524 40.75791900029329, -73.89897899963714 40.75901000006314, -73.89837600046546 40.75987199983524, -73.89740799976013 40.75997200024958, -73.89757500043225 40.76098999979811, -73.89701099979752 40.76179099964603, -73.89669799974942 40.76187100033574, -73.89672099986183 40.7620889999052, -73.89636200041564 40.76300000023276, -73.89521800055063 40.76393899974139, -73.89441699988524 40.76507899991049, -73.89405799984931 40.765469000382815, -73.89360800021461 40.7656899999759, -73.89279899941018 40.7657590004492, -73.88715400011445 40.76489999964631, -73.88713100050974 40.76488899996335)))']",multi-polygon
address,"['119 95TH STREET', '62 EAST 79th STREET', '164 EAST 73rd STREET']",address
Borough,"['Brooklyn', 'Manhattan', 'Queens']",borough
applicant_address1,"['26 BROADWAY', '66 WYOMING AVENUE', '17 grosvenor street']",address
applicant_address2,"['611 Broadway Suite 706', 'SUITE#954', 'Suite 1303']",address
applicant_zip,"['10022', '10004', '11561']",zip5
applicant_city,"['New York', 'NEW YORK', 'LONG BEACH']",city
applicant_state,"['NY', 'NJ', 'OH']",state_code
owner_address1,"['119 95th Street', '770 Lexington Avenue', '166 East 73rd Street']",address
owner_address2,"['MANHATTAN AVE', 'Basement', '36th floor']",address
owner_zip,"['11209', '10065', '10021']",zip5
owner_city,"['Brooklyn', 'NEW YORK', 'Little Neck']",city
owner_state,"['NY', 'NJ', 'OH']",state_code
xCoordinate,"['973775', '995033', '1052503']",x_coord
latitude,"['40.616744', '40.776017', '40.770848']",latitude
longitude,"['-74.03773', '-73.961425', '-73.961117']",longitude
Median Square Feet,"['850', '950', '886']",address
District,"['1', '2', '3']",borough_code
the_geom,"['POINT (-73.9662229434025 40.58072443841677)', 'POINT (-73.91346357493707 40.82396071841408)', 'POINT (-73.85464259798522 40.7424797328943)']",point
BoroCode,"['3', '2', '4']",borough_code
BoroName,"['Brooklyn', 'Bronx', 'Queens']",borough
BoroCD,"['313', '203', '404']",borough_code
Nearest_Add,"['359 Neptune Avenue', '406 E 161 Street', '53-04 108 Street']",address
On_Street,"['Neptune Avenue', 'E 161 Street', '108 Street']",address
To_Street,"['Brighton 3 Street', 'Elton Avenue', 'Martense Street']",address
Side_of_St,"['N', 'S', 'W']",state_code
Latitude,"['40.580733', '40.823969', '40.742488']",latitude
Longitude,"['-73.966224', '-73.913465', '-73.854644']",longitude
NTAName,"['Brighton Beach', 'Morrisania', 'Corona']",borough
Street,"['BROADWAY', 'FULTON STREET', 'EAST 1ST STREET']",address
Borough,"['MANHATTAN', 'BRONX', 'QUEENS']",borough
Bin,"['1064985', '1001224', '3000000']",bin
Borough Code,"['Q', 'M', 'S']",borough_code
Location On Street,"['228 STREET', 'UNION TURNPIKE', 'VARICK STREET']",address
Location From Street,"['145 AVENUE', 'LONG ISLAND RAILROAD', 'DOMINICK STREET']",address
Location To Street,"['145 ROAD', 'MARGARET PLACE', 'SPRING STREET']",address
Location Actual Protect Until,"['03/25/2030', '08/25/2030', '07/23/2030']",address
Location Actual Lane Miles Paved,"['0.22', '0.19', '0.2']",address
Location Actual Paving Square Yard,"['1380', '2080', '1410']",address
Location WKT,"['LINESTRING (1053202.1894000024 180580.57799999416, 1053023.8498000056 180221.03479999304)', 'LINESTRING (1025074.0248000026 197034.6521999985, 1024530.2132000029 196805.07189999521, 1024514.1679999977 196798.63930000365, 1024343.0199999958 196730.02429999411, 1024303.7425999939 196714.27760000527, 1024191.7963999957 196668.54199999571, 1023848.9912 196519.25959999859)', 'LINESTRING (982616.10899999738 203423.08740000427, 982647.59520000219 203659.0286000073)']",line
DISTRICT,"['1', '2', '3']",borough_code
Applicant Address 2,"['9th Floor', '11th Floor', '18th Floor']",address
Applicant City,"['Brooklyn', 'Bronx', 'New York']",city
Applicant State,"['NY', 'FL', 'NJ']",state_code
Project Borough,"['Manhattan', 'Bronx', 'Brooklyn']",borough
Applicant Borough,"['BROOKLYN', 'BRONX', 'MANHATTAN']",borough
Latitude,"['40.676465', '40.820317', '40.834233']",latitude
Longitude,"['-73.990861', '-73.901366', '-73.941421']",longitude
Council District,"['39', '17', '7']",borough_code
BIN,"['3255167', '2005007', '1062764']",bin
Event Location,"['34 W 134th Street', '715 Leonard Street', '175  Delancey street 4th floor']",address
City,"['New York', 'BROOKLYN', 'FLUSHING']",city
State,['NY'],state_code
ZipCode,"['10037', '11222', '10002']",zip5
Borough,"['Manhattan', 'BROOKLYN', 'QUEENS']",borough
Latitude,"['40.812702', '40.729007', '40.717466']",latitude
Longitude,"['-73.939645', '-73.95276', '-73.985004']",longitude
Council District,"['9', '33', '1']",borough_code
BIN,"['1083985', '3333076', '1089451']",bin
Primary Boro Identifier,"['3', '2', '1']",borough_code
Primary Borough Name,"['BROOKLYN', 'BRONX', 'MANHATTAN']",borough
Primary Low House Number,"['1', '615', '1605']",address
Primary High House Number,"['17', '621', '1615']",address
Primary Street Name,"['LORRAINE STREET', 'EAST 105 STREET', 'EAST 174 STREET']",address
Primary Postcode,"['11231', '11236', '10472']",zip5
NYCHA Address Section BoroID,"['3', '2', '1']",address
NYCHA Address Section Borough,"['BROOKLYN', 'BRONX', 'MANHATTAN']",borough
NYCHA Address Section House Number,"['11', '105-12', '1609']",address
NYCHA Address Section Street Name,"['LORRAINE STREET', 'FARRAGUT ROAD', 'EAST 174 STREET']",address
NYCHA Address Section PostCode,"['11231', '11236', '10472']",address
Latitude,"['40.675118', '40.650186', '40.833901']",latitude
Longitude,"['-74.009568', '-73.897621', '-73.876512']",longitude
Council District,"['38', '42', '17']",borough_code
BIN,"['3326207', '3321415', '2092908']",bin
ADDRESS,"['300 EAST 56TH STREET  SUITE 26H', '1370 CONEY ISLAND AVENUE', '60-68 69TH LANE']",address
CITY,"['NEW YORK', 'BROOKLYN', 'MASPETH']",city
STATE,"['NY', 'CT', 'PA']",state_code
POSTCODE,"['10022', '11230', '11378']",zip5
LATITUDE,"['40.758477', '40.624164', '40.721251']",latitude
LONGITUDE,"['-73.965434', '-73.965068', '-73.889427']",longitude
COUNCIL DISTRICT,"['5', '44', '30']",borough_code
BIN,"['1039975', '3171272', '4063996']",bin
NTA,"['Turtle Bay-East Midtown', 'Midwood', 'Middle Village']",borough
District,['27'],borough_code
Boro,['QUEENS'],borough
Borough,['4'],borough_code
Postcode,"['11104', '11106', '11373']",zip5
Latitude,"['40.746741', '40.765584', '40.734349']",latitude
Longitude,"['-73.921764', '-73.926139', '-73.865897']",longitude
Council District,"['26', '22', '25']",borough_code
BIN,"['4001835', '4311892', '4433108']",bin
QUEENS CONDOMINIUM PROPERTY Neighborhood,"['SUNNYSIDE', 'FLUSHING-NORTH', 'ASTORIA']",borough
COMPARABLE RENTAL 1  Neighborhood,"['SUNNYSIDE', 'FLUSHING-NORTH', 'ASTORIA']",address
COMPARABLE RENTAL 1 Full Market Value,"['2920000', '3970000', '1270000']",address
Building Address,"['512 West 212th St [Shorac Kappock School]', '232 East 103rd St [Roberto Clemente School]', '549 Audubon Ave [George Washington High School?]']",address
Borough,"['1', '2', '3']",borough_code
Postcode,"['10034', '10029', '10040']",zip5
Latitude,"['40.867826', '40.788952', '40.855954']",latitude
Longitude,"['-73.917059', '-73.944538', '-73.927051']",longitude
Council District,"['10', '8', '2']",borough_code
BIN,"['1064871', '1052384', '1076751']",bin
NTA,"['Marble Hill-Inwood', 'East Harlem South', 'Washington Heights North']",borough
Borough,"['Bronx', 'Brooklyn', 'Manhattan']",borough
OID,"['1', '2', '3']",borough_code
ADMINISTRATIVE DISTRICT,"['1', '2', '3']",borough_code
District,['20'],borough_code
Boro,['BROOKLYN'],borough
OID,"['1', '2', '3']",borough_code
Borough Name,"['Brooklyn', 'Manhattan', 'Queens']",borough
Latitude,"['40.57278', '40.57267', '40.57266']",latitude
Longitude,"['-73.98563', '-73.98562', '-73.98575']",longitude
Address,"['37-43 77th Street, 2nd Floor', '500 West 159th Street', '1616 Newkirk Ave']",address
City,"['Jackson Heights', 'New York', 'Brooklyn']",city
State,['NY'],state_code
Postcode,"['11372', '10032', '11226']",zip5
Borough,"['QUEENS', 'MANHATTAN', 'BROOKLYN']",borough
Latitude,"['40.747993', '40.834279', '40.63604']",latitude
Longitude,"['-73.888827', '-73.941537', '-73.962241']",longitude
Council District,"['25', '7', '40']",borough_code
BIN,"['4029909', '1062764', '3121203']",bin
Borough,"['Queens', 'Manhattan', 'Brooklyn']",borough
Council District,"['26', '31', '3']",borough_code
Street Address,"['52-19 QUEENS BOULEVARD', '138-02 FARMERS BOULEVARD', '715 8 AVENUE']",address
Cross Street 1,"['53rd Street', '138TH AVENUE', 'WEST 45 STREET']",address
Cross Street 2,"['52nd Street', '139TH ROAD', 'WEST 44 STREET']",address
Postcode,"['11377', '11434', '10036']",zip5
Latitude,"['40.742636', '40.672663', '40.759107']",latitude
Longitude,"['-73.912044', '-73.764196', '-73.988579']",longitude
Building Identification Number (BIN),"['1024992', '1016976', '3000483']",bin
Borough-Block-Lot (BBL),"['4125820031', '1010350036', '1008600065']",bbl
City,"['BROOKLYN', 'BRONX', 'NEW YORK']",city
State,['NY'],state_code
ZIP Code,"['11208', '10454', '11207']",zip5
Borough,"['Brooklyn', 'Bronx', 'Manhattan']",borough
Street Address,"['651 East 183rd Street', '1761 Southern Boulevard', '1942 Marmion Avenue']",address
Borough,"['Bronx', 'Brooklyn', 'New York']",borough
"Zip 
Code","['10458', '10460', '10459']",zip5
Latitude,"['40.852568', '40.837267', '40.842942']",latitude
Longitude,"['-73.887484', '-73.888016', '-73.887136']",longitude
Council District,"['15', '17', '8']",borough_code
BIN,"['2012464', '2009878', '2010156']",bin
Zip Code,"['10300', '10335', '10360']",zip5
Borough,"['Bronx', 'Brooklyn', 'Manhattan']",borough
Crash Borough,"['Bronx', 'Brooklyn', 'Manhattan']",borough
Latitude,"['40.858707', '40.87155', '40.823673']",latitude
Longitude,"['-73.9037', '-73.86428', '-73.87233']",longitude
On Street,"['JEROME AVENUE', 'BRONX RIVER PARKWAY', 'BOSTON ROAD']",address
Cross Street,"['EAST 183 STREET', 'WALLACE AVENUE', 'DEKALB AVENUE']",address
Address,"['3207       WALLACE AVENUE', '3007       3 AVENUE', '864        WESTCHESTER AVENUE']",address
Council District,"['12', '17', '18']",borough_code
Building Identification Number (BIN),"['2056281', '2001396', '2096474']",bin
ZIP Code,"['11209', '10279', '10301']",zip5
Borough,"['Brooklyn', 'Manhattan', 'Staten Island']",borough
Payee Address,"['7 World Trade Center 250 Greenwich Street', '200 W. Jackson Boulevard Suite 250', 'PO Box 62']",address
City,"['New York', 'Chicago', 'Madison']",city
State,"['New York - NY', 'Illinois - IL', 'Connecticut - CT']",state
Zip Code,"['10007', '60606', '6443']",zip5
Borough,"['MANHATTAN', 'BROOKLYN', 'QUEENS']",borough
Latitude,"['40.71322', '40.708546', '40.693854']",latitude
Longitude,"['-74.011709', '-74.011041', '-73.990887']",longitude
Council District,"['1', '33', '4']",borough_code
BIN,"['1086510', '1001026', '3002007']",bin
Street Address,"['31 AVENUE', 'SANDFORD AVE']",address
Secondary Address,"['SUITE 801', 'APT 2FL']",address
City,['FLUSHING'],city
State,['NY'],state_code
Post Code,"['11354', '11355']",zip5
Borough,['Queens'],borough
Latitude,"['40.769233', '40.76135']",latitude
Longitude,"['-73.838638', '-73.810227']",longitude
BIN,"['4100745', '4121522']",bin
Latitude,"['40.70441', '40.77358', '40.62661']",latitude
Longitude,"['-74.0159', '-73.945', '-74.0778']",longitude
Location,"['POINT (-74.0159 40.70441)', 'POINT (-73.945 40.77358)', 'POINT (-74.0778 40.62661)']",point
PROJECT ADDRESS,"['107th St East Esplanade', '224 East 125th Street', '150 Convent Ave New York, NY 10031']",address
COUNCIL DISTRICT,"['8', '9', '7']",borough_code
POSTCODE,"['10031', '10007', '10010']",zip5
Borough,['MANHATTAN'],borough
Latitude,"['40.803389', '40.818329', '40.813002']",latitude
Longitude,"['-73.935102', '-73.95102', '-73.953849']",longitude
BIN,"['1054674', '1086181', '1084104']",bin
NTA,"['East Harlem North', 'Manhattanville', 'park-cemetery-etc-Manhattan']",borough
the_geom,"['POINT (-73.89718748103968 40.83794631113792)', 'POINT (-73.84141724237688 40.6976600503253)', 'POINT (-73.95311099495017 40.628617251244854)']",point
Borough,"['2', '4', '3']",borough_code
StName1,"['CROTONA AVENUE', '107 STREET', 'AVENUE I']",address
StName2,"['86 AVENUE', 'EAST 24 STREET', 'ARTHUR KILL ROAD']",address
the_geom,"['MULTIPOLYGON (((-73.998237707305 40.72226112333, -73.99814432858 40.722372093386, -73.99782981829 40.72221853177, -73.997874230262 40.722165772096, -73.997797930744 40.722128518533, -73.997847189684 40.722070450378, -73.997925025941 40.722108455078, -73.998237707305 40.72226112333)))', 'MULTIPOLYGON (((-73.941688701483 40.843568016266, -73.941996712959 40.843697118916, -73.941816324811 40.843940727946, -73.94181100945 40.843947904894, -73.941491169461 40.843813844213, -73.941688701483 40.843568016266)))', 'MULTIPOLYGON (((-73.986579608885 40.731727503983, -73.986765682638 40.731472690657, -73.986843072 40.731505379416, -73.986656998452 40.731760192866, -73.986646398136 40.73175571571, -73.986579608885 40.731727503983)))']",multi-polygon
BORO,['1'],borough_code
the_geom,"['MULTIPOLYGON (((-73.96052166462106 40.66321714872836, -73.96051708003948 40.6631728219443, -73.96055027341437 40.66317083058435, -73.96073815561233 40.66265442086521, -73.96073346160965 40.66260897020521, -73.96079554901928 40.66260529656375, -73.96079995870765 40.66263959783199, -73.960813411186 40.66277289593683, -73.96082686490071 40.662906194038406, -73.96084034193085 40.66303612691496, -73.96085381901402 40.66316605888744, -73.96085395131668 40.66316832012877, -73.9608538790343 40.663170584002025, -73.9608536033568 40.663172837900355, -73.96085312429001 40.66317507191815, -73.96085244420483 40.66317727615046, -73.96085156783836 40.66317943889225, -73.96085049874355 40.663181551139516, -73.9608492416565 40.66318360298817, -73.96084780131373 40.66318558363371, -73.96084618599852 40.6631874840737, -73.9608444039935 40.66318929620635, -73.96084246239992 40.66319101012836, -73.96084037068249 40.66319261863885, -73.960838138306 40.663194114536864, -73.96083577710071 40.663195489721815, -73.960833296531 40.663196737893294, -73.96083070960813 40.66319785365262, -73.96082802816098 40.6631988316007, -73.96082526520094 40.66319966633886, -73.9608224337378 40.663200355170034, -73.96081954559986 40.66320089359556, -73.9608166173436 40.66320128072065, -73.96081365961416 40.66320151294685, -73.96067123782429 40.66320898095145, -73.9605345646608 40.66321608964513, -73.96052166462106 40.66321714872836)))', 'MULTIPOLYGON (((-73.90766670881077 40.66874198905564, -73.90766725527165 40.66874450103351, -73.90766801465786 40.66874697986321, -73.9076689834338 40.66874941653668, -73.90767015806654 40.66875180024493, -73.90767153265645 40.6687541210775, -73.90767310248667 40.66875636912495, -73.90767486165751 40.668758534476815, -73.90767680072032 40.66876060812041, -73.9076789125902 40.66876258194539, -73.90768118781838 40.66876444693895, -73.90768361813623 40.66876619589031, -73.9076861917283 40.66876782068544, -73.90768889914075 40.66876931591353, -73.90769172737686 40.66877067255905, -73.90769466579626 40.66877188791188, -73.90756219982472 40.66879192339353, -73.90756288182335 40.668791357516895, -73.90756352837323 40.6687907690989, -73.90756413947447 40.66879015813953, -73.90756471275921 40.66878952643786, -73.90756524822497 40.66878887579501, -73.9075657435051 40.668788207109515, -73.90756619859717 40.66878752218246, -73.90756753298064 40.66878557093577, -73.90756870542036 40.66878356102538, -73.90756971235847 40.66878149965264, -73.90757054905299 40.66877939491833, -73.90757121431137 40.66877725402563, -73.90757170220657 40.668775086875435, -73.90757201391251 40.66877289977237, -73.90757214705017 40.66877070262017, -73.90757210042567 40.66876850352249, -73.90757187521054 40.66876631058494, -73.90757147257484 40.668764132813614, -73.90757089250741 40.668761978313135, -73.90757013854505 40.668759855191006, -73.90756938439718 40.66875701255641, -73.90756813915006 40.66875182188183, -73.90752815808729 40.66860165211029, -73.90750027005929 40.668496551169824, -73.90759819937054 40.66848342199858, -73.9076653793393 40.66873697751723, -73.90766670881077 40.66874198905564)))', 'MULTIPOLYGON (((-73.89087017704003 40.820475177392304, -73.89106494624376 40.820640775632164, -73.89120652976709 40.82076606215579, -73.89124635034872 40.82079904979923, -73.89128856236373 40.82083027380906, -73.89133303084229 40.82085963500086, -73.89137961369416 40.820887038686024, -73.89142816170278 40.82091239827384, -73.89147851971802 40.82093563077004, -73.8915305266446 40.82095666398117, -73.89154701511129 40.82096321439578, -73.89154800098562 40.82096343054179, -73.89154896425433 40.82096369799481, -73.89154990136426 40.82096401495056, -73.8915508075754 40.82096438050406, -73.89155167933464 40.820964792851, -73.89155251071946 40.820965249284306, -73.89155329936217 40.820965748000766, -73.89155404052413 40.8209662871949, -73.89155473065523 40.82096686326141, -73.89155536738761 40.82096747439707, -73.8915559471695 40.82096811789704, -73.89155646763761 40.82096878925664, -73.89155692523875 40.820969486671494, -73.89155731879339 40.820970206538576, -73.89155764593669 40.82097094525363, -73.89155790667454 40.82097169921466, -73.89155809745661 40.82097246481638, -73.89155821828741 40.82097323935723, -73.89155826799032 40.8209740174332, -73.89155824775365 40.820974797244425, -73.89155815758622 40.82097557338784, -73.891557996307 40.820976343160936, -73.89155776629413 40.82097710206341, -73.89155746755053 40.820977848294305, -73.89155710245572 40.8209785764529, -73.89155678689535 40.82097945864294, -73.8915563931316 40.82098032184907, -73.8915559235396 40.82098116337193, -73.8915553781266 40.820981978709085, -73.89155476164152 40.82098276336248, -73.89155407646086 40.820983513732415, -73.89155332495832 40.820984228020095, -73.89155251069735 40.820984901726405, -73.89155163842533 40.82098553125379, -73.89155071170269 40.82098611390411, -73.89154973527532 40.82098664698039, -73.8915487127023 40.82098712868488, -73.8915476499148 40.820987556321775, -73.89154655047192 40.82098792809336, -73.89154542030339 40.82098824220426, -73.89154426533902 40.82098849685902, -73.89154308913639 40.82098869116053, -73.89154189880912 40.82098882421495, -73.8915406991002 40.820988895126256, -73.89153949593786 40.82098890299951, -73.89153829524614 40.82098884964134, -73.89081652447432 40.82098284022967, -73.89081144168856 40.82098279399389, -73.89080636023746 40.820982656808994, -73.89080128604779 40.82098242868061, -73.89079621911819 40.82098211050913, -73.89079116419003 40.820981702299164, -73.89078612363416 40.82098120405286, -73.89078109863445 40.820980616671946, -73.89077607363187 40.82098003109174, -73.89077103189675 40.82097952924172, -73.89076597698377 40.820979112025654, -73.89076091126354 40.82097877944585, -73.89075583710542 40.82097853240504, -73.89075075806834 40.82097836910557, -73.89074567414795 40.820978292248945, -73.89025693906936 40.82097783084036, -73.89024373160889 40.820977880403916, -73.8902305516005 40.82097853422539, -73.89021744883364 40.82097978965081, -73.89020446835946 40.820981642220566, -73.89019165760409 40.82098408477595, -73.8901790639953 40.82098710925761, -73.89016673378146 40.820990704003265, -73.8900366785702 40.82103666297454, -73.88992534398557 40.821074589229916, -73.88955920281626 40.821227662169484, -73.88954131884742 40.821236378056966, -73.8895236987079 40.82124539766185, -73.88950634951588 40.82125471738915, -73.88948928195002 40.821264330945674, -73.88947250312846 40.821274234736336, -73.88945602372834 40.821284423368645, -73.88943984968556 40.82129489144534, -73.88932235858228 40.82137135968026, -73.88932194212364 40.82137159521066, -73.88932150673647 40.82137180821048, -73.88932105123537 40.82137199867862, -73.88932058155022 40.82137216481968, -73.88932009649568 40.82137230663261, -73.88931960081615 40.82137242232089, -73.88931909569561 40.82137251278623, -73.88931858469158 40.82137257713147, -73.88931806780569 40.821372614456216, -73.8893175485939 40.821372624763775, -73.88931703061246 40.82137260805766, -73.88931651504522 40.821372565239436, -73.8893160042644 40.82137249541088, -73.88931550063923 40.8213723994748, -73.88931500772593 40.82137227743458, -73.88931452670825 40.82137213019189, -73.88931405877011 40.82137195864834, -73.88931360865159 40.82137176370895, -73.88931317635256 40.821371545373744, -73.88931276542624 40.821371305447194, -73.8893123758711 40.82137104482967, -73.88931201124178 40.821370764425176, -73.88931167272212 40.82137046513527, -73.88931136149154 40.821370150563176, -73.88931107873691 40.821369819809426, -73.88931082682595 40.82136947467735, -73.88931060693956 40.82136911786952, -73.88931041907628 40.821368750286524, -73.88931026441688 40.82136837463091, -73.88931014414686 40.821367990903816, -73.88931005826164 40.82136760180676, -73.88931000794214 40.82136721004238, -73.88930999200298 40.821366815609515, -73.88931001162355 40.821366422111254, -73.88931006680228 40.821366030448104, -73.88931015753627 40.8213656424211, -73.88931028145173 40.821365259828944, -73.88931044091642 40.821364884474875, -73.88931063237126 40.82136451815647, -73.88931085699853 40.821364162675835, -73.8893111124246 40.82136381983179, -73.88931139864786 40.821363490524696, -73.8893117132932 40.821363177453875, -73.88995205345532 40.82094585988863, -73.88995258508912 40.820945503799244, -73.88995314868015 40.8209451765563, -73.88995374185174 40.82094488175941, -73.88995436104781 40.82094461940531, -73.88995500389308 40.82094439219311, -73.88995566564762 40.82094419921785, -73.88995634512163 40.82094404317983, -73.88995703638675 40.82094392497396, -73.88995773707373 40.82094384369744, -73.88995844362353 40.82094380114786, -73.88995915248 40.82094379732186, -73.88995986008858 40.82094383131552, -73.88996056289169 40.820943904025974, -73.89004845037682 40.82095924318057, -73.89004967691137 40.82095943795691, -73.89005091179402 40.82095960212432, -73.89005215265114 40.82095973748154, -73.89005339829882 40.8209598431269, -73.89005464755319 40.82095991815877, -73.89005590041278 40.820959963477726, -73.89005715332293 40.82095997817981, -73.89007110342767 40.82096027873839, -73.8900723113564 40.820960255576544, -73.8900735158212 40.820960176580556, -73.89007471089681 40.82096004084435, -73.89007589302562 40.82095984926499, -73.8900770574647 40.820959602738405, -73.89007820065638 40.820959302161775, -73.89007931548552 40.82095894932925, -73.89008040076673 40.82095854423976, -73.89008145056876 40.8209580895891, -73.89008246133405 40.82095758627439, -73.89008342950338 40.82095703609326, -73.8904493853077 40.8207233920552, -73.89058728370756 40.82061294197187, -73.89070128459487 40.82051126872783, -73.89070227547707 40.820510595194925, -73.89070320598582 40.82050987297791, -73.89070407018842 40.82050910567321, -73.89070486570974 40.82050829598011, -73.89070558780095 40.82050744839646, -73.89070623527218 40.82050656562272, -73.89070680337467 40.82050565215688, -73.89070729091567 40.820504712500245, -73.89070769433322 40.820503750251426, -73.89070801243594 40.82050276901138, -73.8907082440297 40.8205017741818, -73.89070838910705 40.820500770265305, -73.89070844410608 40.82049976086044, -73.89070841257389 40.820498751373556, -73.8907082909486 40.82049774540326, -73.89070808277881 40.82049674745541, -73.89070778687035 40.82049576293184, -73.89070740558948 40.8204947945363, -73.8907069401112 40.82049384857338, -73.89070639398713 40.82049292774794, -73.89070576721 40.82049203656243, -73.89070504729678 40.82049083641823, -73.89070443649129 40.820489603059016, -73.89070393597297 40.82048834008798, -73.89070354810062 40.82048705471127, -73.89070327642004 40.820485753235765, -73.89070312092377 40.82048444016392, -73.89070308160153 40.82048312179923, -73.89070316081354 40.820481804447354, -73.89070335617885 40.82048049440958, -73.89070366650317 40.82047919708772, -73.89070409296 40.82047791968688, -73.89070463080206 40.82047666580452, -73.89070527883206 40.82047544264349, -73.89070603467047 40.8204742556045, -73.89070689475233 40.820473110087235, -73.89070785314195 40.82047201148893, -73.8907089074612 40.82047096430987, -73.89071005295982 40.82046997394853, -73.89071128370509 40.82046904400126, -73.89071644986163 40.82046521638289, -73.89072194864616 40.820461667333035, -73.89072775632495 40.82045841303816, -73.89073384205355 40.82045546877739, -73.89074018091587 40.820452848935076, -73.8907467408881 40.820450565187194, -73.89075349113332 40.82044862831051, -73.890760400816 40.82044704818129, -73.89076743791978 40.8204458319731, -73.89077456687521 40.820444985055204, -73.89078175567181 40.82044451099923, -73.89078896992841 40.820444413374645, -73.89079617645666 40.82044469124947, -73.8908033420666 40.82044534459231, -73.89081043001978 40.820446368865895, -73.89081740950277 40.82044776043904, -73.89082424733611 40.820449512976936, -73.89083091034472 40.82045161744314, -73.89083736772695 40.82045406300264, -73.89084358986383 40.82045684062244, -73.89084954596116 40.82045993496494, -73.89085520877802 40.82046333249704, -73.89086055107624 40.820467017884404, -73.8908655479943 40.820470972193256, -73.89087017704003 40.820475177392304)))']",multi-polygon
BoroCD,"['309', '316', '202']",borough_code
PlazaName,"['Washington Empire Plaza', 'Watkins Street Plaza', 'Del Valle Square Plaza']",address
BoroCode,"['3', '2', '1']",borough_code
BoroName,"['Brooklyn', 'Bronx', 'Manhattan']",borough
locationLatitude,"['40.718337', '40.718004', '40.717863']",latitude
locationLongitude,"['-73.912945', '-73.912768', '-73.913687']",longitude
Latitude/Longitude,"['POINT (-73.9129452 40.7183372)', 'POINT (-73.9127685 40.7180035)', 'POINT (-73.9136875 40.7178635)']",point
BoroID,"['3', '2', '4']",borough_code
Boro,"['BROOKLYN', 'BRONX', 'QUEENS']",borough
StreetName,"['GRATTAN STREET', 'SHERIDAN AVENUE', 'EAST 146 STREET']",address
Zip,"['11237', '10456', '10451']",zip5
Latitude,"['40.706025', '40.834897', '40.815147']",latitude
Longitude,"['-73.929469', '-73.915911', '-73.920994']",longitude
Council District,"['34', '16', '8']",borough_code
BIN,"['3070676', '2002772', '2000882']",bin
NTA,"['Bushwick North', 'Concourse-Concourse Village', 'Melrose South-Mott Haven North']",borough
DISTRICT,"['BKS13', 'BX08', 'SI01']",borough_code
DISTRICTCODE,"['313', '208', '501']",borough_code
multipolygon,"['MULTIPOLYGON (((-73.9837215264 40.5958210785, -73.9830465944 40.5954145399, -73.981977401 40.5947634064, -73.9809372328 40.594136934, -73.9807101321 40.5939972286, -73.9806015954 40.5939323051, -73.980152835 40.5936653063, -73.9800780912 40.5936208355, -73.9799450002 40.5935416483, -73.9798853454 40.5935061554, -73.9796275852 40.5933472317, -73.9795736891 40.5933140018, -73.9794156505 40.5932165614, -73.9790851065 40.5930127593, -73.9790261723 40.5929764214, -73.9787617537 40.5928133872, -73.978501132 40.5926539525, -73.9783933901 40.5925882797, -73.97831049 40.5925383445, -73.9781819148 40.5924585329, -73.9776956586 40.5921865374, -73.9773128457 40.5919776501, -73.9772213208 40.5919219338, -73.9765127922 40.5914526465, -73.9758382002 40.5910645884, -73.9751350921 40.5906406882, -73.974217165 40.5901113835, -73.9742215411 40.5900177841, -73.9742850539 40.5887089518, -73.974335918 40.5879415183, -73.9742079974 40.5879546112, -73.9726033095 40.5881187735, -73.9716772251 40.588222074, -73.9707527588 40.5883219257, -73.9698231822 40.5884266602, -73.9688973497 40.5885285786, -73.9679700385 40.5886314239, -73.9675424043 40.5886808227, -73.9670468783 40.588738063, -73.9659316288 40.5888563457, -73.965820145 40.5888680671, -73.9656409198 40.588887175, -73.9653598609 40.588918617, -73.9642641505 40.5890411768, -73.9633698216 40.5891365659, -73.9624443471 40.5892388647, -73.9605166721 40.5894529113, -73.960459684 40.5887238199, -73.9604071021 40.5880343521, -73.9603495359 40.5873062852, -73.960317121 40.5865147238, -73.9603176637 40.5864364675, -73.960338036 40.5862810892, -73.9603461492 40.5861247702, -73.9603419083 40.5859683667, -73.9603253931 40.5858127235, -73.9602582584 40.5850293078, -73.9602431534 40.5848270809, -73.9602394336 40.5847918746, -73.9602346155 40.5847462839, -73.9602312438 40.584676005, -73.9602275394 40.5846089597, -73.9602179218 40.5845146625, -73.9601492417 40.5835758977, -73.9601050957 40.583408357, -73.9600479872 40.5832698726, -73.9598350289 40.583190546, -73.9591095883 40.5828566757, -73.9590076421 40.5828521512, -73.9574554655 40.5830127888, -73.9573360841 40.5830251348, -73.9572361011 40.5830422715, -73.957132914 40.5830457262, -73.9570313423 40.5830353331, -73.9569559604 40.5829822632, -73.9568904735 40.5829339787, -73.9568258356 40.5828863086, -73.9567561826 40.5828349696, -73.9564572915 40.5826588502, -73.9560414682 40.582736254, -73.956026597 40.5826099228, -73.956017746 40.5825643169, -73.9560144669 40.5825576239, -73.9559960776 40.5825201649, -73.9559626186 40.5824805111, -73.9559199776 40.5824478327, -73.9549402427 40.5819689043, -73.9549891764 40.58191683, -73.9550496172 40.5818251623, -73.9550694363 40.5817534523, -73.9550711167 40.5816801756, -73.9550550539 40.5816092359, -73.9547132695 40.5806220914, -73.9544382858 40.5795999598, -73.9543453984 40.5791953994, -73.9542056256 40.5784262871, -73.9540328086 40.577402313, -73.9539714847 40.5773223579, -73.9538405298 40.5767767497, -73.9536517176 40.575823981, -73.9542854676 40.5757313368, -73.9541336078 40.5743332678, -73.9543979387 40.5743708457, -73.955111144 40.5743711266, -73.9551370525 40.5743711367, -73.9556948405 40.574326996, -73.9562081654 40.5742654709, -73.9563450672 40.5742072221, -73.9563690409 40.574173313, -73.9562956124 40.573834985, -73.9563111143 40.5738001748, -73.9563453349 40.5737975781, -73.9563898007 40.5738236877, -73.9564716944 40.5741394868, -73.9565675088 40.5741707785, -73.9572005353 40.5741866717, -73.957944139 40.5741448126, -73.9584347632 40.5740888155, -73.9586514713 40.5740515237, -73.9588841919 40.5739915963, -73.9589663413 40.5739472686, -73.9589754339 40.5739045527, -73.9589426848 40.5734671679, -73.9589871899 40.5734306558, -73.9590260781 40.573451995, -73.9590724808 40.573845548, -73.9590964223 40.5738638201, -73.9593918228 40.5739121102, -73.9598286487 40.5739293098, -73.960215323 40.573911179, -73.9604890844 40.5738851817, -73.9606875532 40.5738774224, -73.9608141696 40.5738618101, -73.9609088589 40.5738650293, -73.9621076952 40.5737135197, -73.9626760713 40.5736669388, -73.9630589975 40.5736355532, -73.9639829237 40.5735575721, -73.9645361843 40.5735131998, -73.9650847861 40.5734691989, -73.9660223953 40.5733885949, -73.9672029405 40.5733263174, -73.9673897549 40.5732589996, -73.9674356777 40.5732089696, -73.9673639007 40.5730445693, -73.9673947222 40.5729950023, -73.9674262848 40.5729851091, -73.9674494643 40.5730080646, -73.9675314976 40.5731907332, -73.9676238811 40.5731985857, -73.9677915521 40.5731881967, -73.9681850611 40.5731778683, -73.968390378 40.5731544429, -73.9685633598 40.5731259465, -73.9688489392 40.5730580274, -73.9689721406 40.5730215319, -73.9690645434 40.5729876368, -73.9692022923 40.5729574189, -73.9694512622 40.5728572804, -73.9694683864 40.5728233658, -73.9692119795 40.5723353769, -73.9692462121 40.5723040757, -73.9692838527 40.572301476, -73.9695589518 40.5728085807, -73.9697558034 40.5728469248, -73.9699611023 40.5728600245, -73.970210894 40.5728522622, -73.9708536307 40.5727705154, -73.9710869168 40.5727272438, -73.9713298966 40.5726438107, -73.9713504455 40.5725994596, -73.9713778581 40.5725107531, -73.9711424876 40.5720506314, -73.9711539459 40.5719996376, -73.9711351516 40.5719601521, -73.9711830635 40.5719418988, -73.9712206937 40.5719627824, -73.9714565706 40.5724794623, -73.9715179096 40.5725816826, -73.9716070641 40.572628224, -73.9718363204 40.5726282804, -73.9724967374 40.5725762568, -73.9729347611 40.5724746024, -73.9731469336 40.5724146404, -73.9733450221 40.5723212139, -73.9733625623 40.5722633574, -73.9732326813 40.5719058658, -73.9732122458 40.5716684251, -73.9732499015 40.5716266864, -73.9732909543 40.5716423507, -73.9733251574 40.5716762787, -73.9733430702 40.5717405704, -73.9733490407 40.5718510995, -73.9733661147 40.571937208, -73.9733900053 40.5720885467, -73.9734275864 40.572234671, -73.9734480528 40.5722721069, -73.9737320996 40.5722869255, -73.9740067827 40.5722743626, -73.9744096191 40.5722375027, -73.9748476269 40.5721645417, -73.9752856491 40.5720498325, -73.9754708188 40.5719690042, -73.9754056101 40.5715045347, -73.9754056408 40.5714210408, -73.9754569656 40.5714210517, -73.9754843262 40.5714549785, -73.97550883 40.5715244926, -73.9755171878 40.5716943153, -73.9756027 40.5718592835, -73.9756791807 40.5719559846, -73.9759255205 40.5720186571, -73.9762197881 40.5720161105, -73.976842563 40.5719483985, -73.9768535466 40.5719463385, -73.9769944908 40.5719246777, -73.9771336419 40.5718970873, -73.97727057 40.571863651, -73.9774048546 40.5718244722, -73.977536081 40.5717796716, -73.9776638455 40.5717293878, -73.9775682011 40.5712466663, -73.9775987717 40.5711910307, -73.9776708757 40.5711710198, -73.9780472491 40.5711997938, -73.9780759974 40.5712295698, -73.977715331 40.5712519135, -73.9776981972 40.571324968, -73.9777050233 40.5713771538, -73.9777391888 40.5715337121, -73.9777512801 40.5716802902, -73.9777650384 40.571707694, -73.9777840797 40.5717331934, -73.9778079649 40.571756201, -73.9778361439 40.5717761846, -73.9778825888 40.5717955449, -73.9779308013 40.571812204, -73.9779992453 40.571830477, -73.9780697814 40.5718433122, -73.9781966053 40.5718661925, -73.9783251602 40.5718825146, -73.9784548653 40.5718922043, -73.9785851311 40.5718952184, -73.9787153672 40.5718915432, -73.9788449842 40.5718811949, -73.9789733939 40.5718642211, -73.9791000153 40.5718406982, -73.9794568106 40.5717427684, -73.9795218304 40.5717140785, -73.9797648107 40.5715862713, -73.9798469452 40.5715393198, -73.9798606484 40.571481921, -73.9798059249 40.5714036341, -73.9797238222 40.5713462175, -73.9796656579 40.5713331613, -73.9794672105 40.5712992069, -73.9794587767 40.5713018169, -73.979449879 40.5713032814, -73.9794407834 40.5713035535, -73.9794317637 40.571302627, -73.9794230868 40.57130053, -73.9794150137 40.5712973235, -73.9794077853 40.5712931042, -73.9794016189 40.5712879989, -73.9793966985 40.5712821599, -73.9793931707 40.5712757611, -73.9793911415 40.5712689951, -73.9793906713 40.5712620636, -73.9794432841 40.5712209263, -73.9795835717 40.571226169, -73.9797546479 40.5712496822, -73.9799598894 40.5714401909, -73.9799874368 40.571583606, -73.9800077158 40.5716985093, -73.980103516 40.5717272266, -73.9803259226 40.571737702, -73.9806489086 40.5717377325, -73.9810444942 40.5716804206, -73.9813387791 40.5716100208, -73.9816364893 40.5715265739, -73.9818418068 40.5714692035, -73.9820407591 40.5714803707, -73.982036851 40.5714379247, -73.9820163337 40.5713883458, -73.9819923917 40.5713518132, -73.9819205449 40.5713204925, -73.9816965696 40.5713113716, -73.9815989107 40.5713073955, -73.9815578543 40.571294343, -73.9815441742 40.5712734666, -73.9815715548 40.5712499881, -73.9819479404 40.5712370019, -73.9820266298 40.571276152, -73.9820950438 40.5713466116, -73.9821463218 40.5715214357, -73.9821771068 40.5715605782, -73.9822558026 40.5715684187, -73.9824919007 40.5715658461, -73.9828272316 40.5715424137, -73.9830804447 40.5715085312, -73.9836727018 40.5714070575, -73.9834044069 40.5701655449, -73.983058093 40.5702096561, -73.9830432886 40.5701458607, -73.9833916848 40.5700946852, -73.9832699669 40.5695418939, -73.9833605808 40.569529994, -73.9834852182 40.5700890146, -73.9838212535 40.5700457904, -73.9838394944 40.5701124669, -73.983488422 40.5701560303, -73.9837579045 40.5713962273, -73.9857293179 40.57119589, -73.9859353818 40.5711781886, -73.9864508753 40.5711489088, -73.986467999 40.5710784628, -73.9865090583 40.5710810773, -73.9865466865 40.5711332644, -73.9868614838 40.5711072091, -73.9872686686 40.5710759446, -73.9875218766 40.5710472708, -73.9877750844 40.5710185965, -73.9880371664 40.5709851084, -73.9886202547 40.5708960517, -73.9885777208 40.5706979095, -73.9886339759 40.5706951442, -73.988664764 40.5707290673, -73.9886955456 40.570815174, -73.988721459 40.5708836921, -73.9888358223 40.5708778084, -73.9889282057 40.5708752085, -73.9891471977 40.5708439191, -73.9893593418 40.5708308921, -73.9896465757 40.5707921553, -73.9899376111 40.5707578874, -73.9901462951 40.57072608, -73.9902626757 40.5707083397, -73.9905261486 40.570658787, -73.9907731038 40.5705994219, -73.9907417467 40.5704031032, -73.9907178164 40.5702595955, -73.990792648 40.5702486484, -73.9908272854 40.5704213745, -73.9908637465 40.5706020164, -73.9911933755 40.570611875, -73.9915629148 40.5705779835, -73.9918913978 40.5705336501, -73.9922061935 40.5704997518, -73.9922954522 40.5704910695, -73.9925278284 40.5704684637, -73.9927285488 40.5704337884, -73.9929692301 40.5703667323, -73.9929452936 40.5702362709, -73.9929809804 40.5701967733, -73.9930137268 40.5702127921, -73.9930274068 40.5702780233, -73.9930529 40.5703390255, -73.9931574191 40.5703797895, -73.9932977051 40.5703824075, -73.9936261808 40.5703928633, -73.9936750979 40.5703951353, -73.9940196656 40.5704111489, -73.9944063104 40.5703902942, -73.9946836036 40.5703613375, -73.9948066423 40.5703642203, -73.9949376319 40.5703546743, -73.9951385448 40.5703146609, -73.9951522403 40.5701789831, -73.9951351405 40.5700667878, -73.9951872611 40.5700218781, -73.9952480527 40.5700981019, -73.9952617291 40.5702285624, -73.9952930122 40.5703212826, -73.9955149202 40.570353814, -73.9957646965 40.5703929621, -73.9960007874 40.5703929705, -73.996407964 40.5703747186, -73.9966508985 40.5703721171, -73.996849017 40.5703669654, -73.9969964079 40.570362691, -73.9970443866 40.5703564732, -73.9971949378 40.5703486487, -73.9973181183 40.5703225608, -73.9973557571 40.5702782045, -73.9973557603 40.5701973194, -73.9973694483 40.5701373078, -73.9974196619 40.5701408543, -73.9974481401 40.5702860339, -73.997519994 40.5703251732, -73.9976671219 40.5703747511, -73.9978450441 40.5704138941, -73.9979955952 40.570447816, -73.9981872065 40.5704608651, -73.9982966977 40.5704739126, -73.9984677786 40.5704973971, -73.9986324286 40.5705080065, -73.9989912877 40.5704895756, -73.9992273802 40.5704895774, -73.9996140262 40.5704660964, -73.9996413989 40.5704452232, -73.9996585073 40.5703826025, -73.9997032145 40.5703864974, -73.9997329122 40.5704115123, -73.9997295075 40.5704504411, -73.9997192983 40.570473798, -73.9997485213 40.5704957969, -73.9999544412 40.5704915305, -74.0001599832 40.5704811167, -74.0003648318 40.5704645709, -74.0005686742 40.5704419183, -74.000771196 40.5704131931, -74.0009180058 40.570410512, -74.0010643867 40.5704015416, -74.0012098736 40.5703863095, -74.0013540081 40.5703648646, -74.001665622 40.5703072819, -74.0018778647 40.570247464, -74.002011671 40.5702087589, -74.0020578089 40.5701524627, -74.0019839686 40.5695965421, -74.0020854766 40.5695859844, -74.0022008501 40.5703037545, -74.0022285434 40.5706098631, -74.0023485275 40.5711059679, -74.0024870769 40.571738389, -74.0025406703 40.5717938016, -74.0025994964 40.5718460361, -74.0026632328 40.5718948053, -74.0027315312 40.5719398425, -74.0027777619 40.5719978604, -74.0028315056 40.5720519852, -74.0028922027 40.5721016512, -74.0029592202 40.5721463434, -74.0030318611 40.5721855945, -74.0031093698 40.5722189974, -74.0031909383 40.5722462045, -74.0032757177 40.5722669313, -74.0033628256 40.5722809634, -74.0034513562 40.5722881533, -74.0034827772 40.5722766797, -74.0035157514 40.5722681066, -74.0035498204 40.5722625547, -74.0035972758 40.572259984, -74.003644657 40.5722632568, -74.0036907336 40.5722722885, -74.0037343116 40.5722868441, -74.0037742585 40.5723065463, -74.0038095386 40.5723308836, -74.0038392377 40.5723592248, -74.0038625835 40.5723908342, -74.00387897 40.5724248924, -74.0038873449 40.5724564987, -74.0038897145 40.5724886924, -74.0039610139 40.5725524066, -74.0040385971 40.572611698, -74.0041219952 40.5726662065, -74.0042107003 40.5727156034, -74.0043041774 40.572759587, -74.0044018586 40.5727978925, -74.004503152 40.5728302876, -74.0046074436 40.5728565743, -74.0047141014 40.5728765949, -74.0048224784 40.572890228, -74.0066691567 40.5733936486, -74.0087086569 40.5737598185, -74.0094289375 40.5737972684, -74.0100741078 40.5738308095, -74.0107130685 40.5740290977, -74.0111566873 40.5741667618, -74.011901965 40.5747901669, -74.0120154017 40.5748850524, -74.0123218358 40.5756526827, -74.0123678859 40.575856814, -74.0124047174 40.5760620315, -74.0124322877 40.5762680928, -74.0124505613 40.576474753, -74.0124595178 40.5766817709, -74.0127972198 40.5774892374, -74.012864223 40.5775633296, -74.0129242494 40.5776408201, -74.0129770048 40.5777213292, -74.0130222293 40.5778044595, -74.0130311341 40.5778570185, -74.0130314798 40.5779100125, -74.012963354 40.5780363133, -74.0129010532 40.5781643506, -74.0128446542 40.5782939684, -74.0127942232 40.5784250084, -74.0127498252 40.5785573121, -74.0123503594 40.5792218218, -74.0122466286 40.5793555742, -74.0121356509 40.5794859008, -74.012017621 40.5796125746, -74.0118927456 40.5797353732, -74.011761242 40.5798540821, -74.0116233415 40.5799684942, -74.0114792851 40.5800784068, -74.0113293243 40.5801836299, -74.0111737224 40.5802839788, -74.0110127524 40.580379277, -74.0108603559 40.5804622451, -74.0107038894 40.5805406864, -74.0105435844 40.5806144839, -74.0103787194 40.5806391768, -74.0102158029 40.5806704982, -74.0100552921 40.5807083586, -74.009897639 40.5807526511, -74.0097432855 40.580803253, -74.0095926674 40.5808600212, -74.0094462061 40.5809227954, -74.0093043139 40.5809913998, -74.0091950611 40.5810499589, -74.0090891418 40.5811119756, -74.0089867424 40.5811773401, -74.008888046 40.5812459353, -74.0088657272 40.581260159, -74.0087265097 40.5813437625, -74.0085819915 40.5814219632, -74.008432534 40.5814945664, -74.0082785092 40.5815613902, -74.008120301 40.5816222688, -74.007958304 40.58167705, -74.0077929221 40.5817255977, -74.0076245675 40.5817677905, -74.0074536596 40.5818035228, -74.0064798478 40.5819282575, -74.0060473425 40.5819836534, -74.0048362763 40.5818548431, -74.003980236 40.5817212959, -74.0029437421 40.5814328353, -74.0022058292 40.5813658862, -74.0018599131 40.5813875193, -74.0012403267 40.5814262655, -74.0008368753 40.5813445646, -74.0007337873 40.5813181835, -74.0006290176 40.581295988, -74.0005074241 40.5812758007, -74.0003844536 40.5812612487, -74.0002605548 40.5812523861, -74.0001361788 40.5812492453, -74.0000117828 40.5812518362, -73.9998878179 40.5812601507, -73.9997647388 40.5812741581, -73.9996429931 40.5812938072, -73.9995230271 40.581319026, -73.9993682052 40.5813529426, -73.9991892836 40.5813902474, -73.9990097062 40.5814256735, -73.9989149768 40.5814514358, -73.9988179867 40.5814717254, -73.9987192769 40.5814864281, -73.9986194026 40.5814954619, -73.9985189214 40.5814987764, -73.9984183965 40.5814963526, -73.9983183915 40.5814882042, -73.998219465 40.581474377, -73.9981221723 40.5814549484, -73.9980718081 40.5814185079, -73.9980269352 40.5813781114, -73.9979880802 40.581334239, -73.9979557049 40.5812874085, -73.9979301932 40.5812381737, -73.997911845 40.5811871182, -73.9979008777 40.5811348453, -73.9978974222 40.5810819727, -73.9979196932 40.5810072071, -73.9979461535 40.5809332395, -73.9979767559 40.5808602066, -73.997988158 40.5808294323, -73.9979931042 40.5807976754, -73.9979914741 40.5807657212, -73.9979833053 40.580734354, -73.9979688011 40.5807043474, -73.9979483181 40.5806764416, -73.9979205571 40.5806498487, -73.9978873854 40.580627144, -73.9978497254 40.58060896, -73.9978086246 40.5805958007, -73.9977652265 40.5805880338, -73.9921546482 40.5793206261, -73.9918291283 40.579247081, -73.9917471428 40.5792356142, -73.9916642367 40.5792290398, -73.9915809107 40.5792273984, -73.9914922468 40.5792310867, -73.9914042872 40.5792403583, -73.9913176356 40.57925515, -73.9912328882 40.5792753604, -73.9911506251 40.5793008506, -73.9910714132 40.5793314452, -73.9906977093 40.5793730513, -73.9903620649 40.5794245804, -73.9896950125 40.5792132695, -73.9895795619 40.5791929414, -73.9894479714 40.5790558156, -73.9889909356 40.5788351002, -73.9884283373 40.5788158431, -73.9881420831 40.5788659641, -73.9879832408 40.5789453359, -73.9876083794 40.5790331359, -73.9876163151 40.5790641689, -73.9878545689 40.579003644, -73.9878664771 40.579026351, -73.9875128576 40.579115692, -73.9874515178 40.5791315129, -73.9874415954 40.5791072913, -73.9874618694 40.5791028782, -73.9875974541 40.5790664379, -73.9875865399 40.5790407016, -73.9874878533 40.5790640172, -73.9873906441 40.5790869834, -73.9873830226 40.5791375605, -73.9866954 40.5798149084, -73.9867512935 40.5798642933, -73.9868122546 40.5799100605, -73.9868778842 40.5799519072, -73.9869477478 40.579989558, -73.9870213859 40.5800227651, -73.9867810959 40.5802939377, -73.9861652675 40.5809502291, -73.9858856737 40.5811444246, -73.9859129529 40.5812270024, -73.9859241874 40.5812674373, -73.9860450989 40.5817206848, -73.9868447895 40.5812321018, -73.9869450693 40.5811364218, -73.9870390223 40.5810370785, -73.9871264183 40.580934316, -73.9872070444 40.5808283847, -73.9872807023 40.5807195439, -73.9873472137 40.5806080591, -73.9874064154 40.5804942043, -73.9874581611 40.5803782576, -73.9875740027 40.5800314514, -73.9877467972 40.5798596554, -73.9880097343 40.5796706874, -73.988117306 40.5796796858, -73.9889035387 40.580008679, -73.989136362 40.5802148781, -73.9895419516 40.580415366, -73.9896996935 40.5804211076, -73.9899550497 40.5806616692, -73.9911944079 40.5810283075, -73.9916300748 40.5810798842, -73.9917427343 40.5812001628, -73.9916826188 40.5813834267, -73.9917307814 40.5814865051, -73.9918253242 40.5815037065, -73.9918553571 40.581623979, -73.9918252954 40.5817385207, -73.9916955296 40.5818585035, -73.9903376246 40.5842182549, -73.9903506728 40.584276528, -73.9903557386 40.5843355181, -73.9903527677 40.5843945904, -73.9903417944 40.5844531118, -73.9903229335 40.5845104529, -73.9902963892 40.5845659968, -73.9902624476 40.5846191482, -73.9909761224 40.5843500309, -73.9926739127 40.5835884438, -73.992726647 40.5835617746, -73.9927736781 40.5835294937, -73.9928139866 40.5834923019, -73.9928467007 40.5834510024, -73.9928860159 40.5834241575, -73.9929297114 40.5834015877, -73.99297699 40.5833837053, -73.9930269954 40.5833708335, -73.9930489302 40.5833631741, -73.9930688076 40.5833527508, -73.9930860337 40.5833398726, -73.9931000945 40.5833249256, -73.9931105694 40.5833083566, -73.9931171455 40.583290659, -73.9931466254 40.5832719488, -73.993179516 40.5832569012, -73.9932150425 40.5832458728, -73.993252364 40.5832391229, -73.9933974569 40.5831481298, -73.9935475488 40.583061978, -73.9937023621 40.5829808287, -73.9938616085 40.5829048304, -73.9940249963 40.5828341254, -73.9941922208 40.5827688433, -73.9943629738 40.5827091056, -73.9945369387 40.5826550232, -73.9945896191 40.5826498639, -73.9946405258 40.582638317, -73.9946883362 40.5826206816, -73.9947318086 40.5825974159, -73.9947698103 40.5825691268, -73.9947958638 40.5825394809, -73.9948276773 40.582513305, -73.9948644667 40.5824912447, -73.9949053294 40.5824738412, -73.9949492579 40.5824615231, -73.9949951714 40.5824545938, -73.9950497389 40.5824509877, -73.9951028057 40.5824406538, -73.9951529567 40.5824238675, -73.9951988513 40.5824010771, -73.9952392634 40.5823728915, -73.9952731146 40.5823400634, -73.9952874284 40.5823119983, -73.9953075472 40.5822860856, -73.9953329337 40.582263018, -73.9953629098 40.5822434121, -73.9953966747 40.5822277902, -73.9954333259 40.5822165721, -73.9954718856 40.5822100547, -73.9955113224 40.5822084146, -73.995550583 40.582211694, -73.9955886172 40.5822198065, -73.9958967188 40.582157019, -73.9960552882 40.5821289039, -73.9962242977 40.5822019304, -73.9967257037 40.5822534908, -73.9973961196 40.5824296171, -73.9978130173 40.5826100313, -74.0001792282 40.5830739505, -74.0003088086 40.5831770377, -74.0004173949 40.5835459216, -74.0004368542 40.5840489693, -74.0003595183 40.5841864462, -74.000246839 40.5842637628, -74.0001003556 40.5843754423, -73.9999820427 40.5844312811, -73.9998580941 40.5845429613, -73.9997397796 40.5845773233, -73.9996327333 40.5846331626, -73.999531322 40.5847018875, -73.9994580793 40.5847534314, -73.9993397635 40.5848608146, -73.9991538394 40.584942426, -73.9989848175 40.5850154454, -73.998787623 40.585152894, -73.9986016986 40.5852302082, -73.9984608459 40.585286046, -73.9982636524 40.5853118153, -73.9980852377 40.5853647218, -73.998088992 40.5854707405, -73.9982867355 40.5854830628, -73.9986711018 40.5855070128, -73.9992890506 40.5855523659, -73.9994693391 40.5856898192, -73.9997059708 40.5856898201, -73.9997003362 40.5857542498, -73.9995256803 40.5857585447, -73.9996342385 40.5860697471, -73.999565116 40.5862439198, -73.9993566515 40.5863813694, -73.9989735285 40.5864286152, -73.9987763301 40.586484453, -73.9986382636 40.5864916295, -73.9982805243 40.5865102196, -73.9982185476 40.5865102186, -73.998145304 40.5865316941, -73.9962365377 40.5874212556, -73.994173056 40.5883828581, -73.9942350296 40.5884387009, -73.9955985745 40.587841708, -73.9956605451 40.5879362076, -73.9940790467 40.588693442, -73.9942155456 40.5888685314, -73.9933085497 40.5895838983, -73.9929783591 40.5897300335, -73.9929159158 40.5897573785, -73.9928606772 40.5897826978, -73.9925574786 40.5899216753, -73.9916141237 40.5903564459, -73.9915393447 40.5903909034, -73.9914734209 40.5904493056, -73.9906631202 40.5911671666, -73.9903642514 40.5914319317, -73.990049947 40.5917341124, -73.9887312977 40.5930018999, -73.9874913608 40.5941939819, -73.9867631492 40.5948940658, -73.9864672685 40.5951788225, -73.9852002727 40.5963981262, -73.9850613644 40.5956709191, -73.9840638023 40.5957827191, -73.9837215264 40.5958210785)))', 'MULTIPOLYGON (((-73.8966333383 40.9114173753, -73.8966306869 40.9112989271, -73.8966306858 40.9112988776, -73.8966061372 40.9102022483, -73.8965958382 40.9096276592, -73.8965646458 40.908285824, -73.8965465332 40.9075066551, -73.8964922941 40.9063396526, -73.8964350347 40.9050929985, -73.8964113351 40.9045045204, -73.8963578598 40.903200132, -73.8964089577 40.9029611085, -73.8966100223 40.9022035128, -73.8968784452 40.9010405798, -73.8969705416 40.9006111672, -73.897028951 40.9003152041, -73.8970336374 40.9002786216, -73.8970465144 40.9002247031, -73.8970732926 40.9000838913, -73.897139473 40.8996194346, -73.8971571711 40.8993718271, -73.8970914903 40.8985933179, -73.8969949279 40.8978787235, -73.8967074704 40.8958050296, -73.8964317074 40.8936552797, -73.896757901 40.8926454436, -73.8970576338 40.8921404579, -73.8972811247 40.8917106842, -73.8973193632 40.891615861, -73.8976960113 40.8906818237, -73.8977666912 40.8905093901, -73.8978788744 40.8902761015, -73.8982721698 40.8894579432, -73.8992249908 40.8875308033, -73.8993642679 40.8872490906, -73.8996206537 40.8867794879, -73.8997112758 40.8866387315, -73.8997825218 40.8865291231, -73.899725885 40.8865148868, -73.8989257179 40.8863835022, -73.8973833615 40.8860867718, -73.8971564539 40.8860448242, -73.8968817837 40.8859993477, -73.8966824299 40.8859645907, -73.8966154661 40.8859552557, -73.8965206898 40.8859369891, -73.8959567494 40.8858283247, -73.8950827058 40.8856415119, -73.8946794894 40.8855199419, -73.8945343138 40.8855940634, -73.8929164365 40.8853114347, -73.8928864462 40.885264306, -73.8917661794 40.8850498465, -73.8908054387 40.8848678438, -73.8898470195 40.8846857461, -73.8888964229 40.8845039191, -73.8884015709 40.8844170751, -73.8875861264 40.8842556198, -73.8870514261 40.8843495759, -73.8870483345 40.8842355209, -73.88704304 40.8840402325, -73.8870870578 40.883797027, -73.8871000451 40.8837299444, -73.8871070325 40.883673986, -73.8871230357 40.8832009398, -73.8871320655 40.8831509446, -73.8871469762 40.8831179383, -73.8871810158 40.8830839422, -73.8872319398 40.8830549782, -73.8872123876 40.882820158, -73.8871975482 40.8827524359, -73.8871650516 40.8825765111, -73.8870696283 40.8824768959, -73.8872091902 40.8824850737, -73.8874098695 40.882484072, -73.8876108722 40.8824685724, -73.8878094659 40.8824385822, -73.8880029814 40.8823945022, -73.8881888663 40.8823371143, -73.8883648762 40.8822675419, -73.8899753751 40.8802331315, -73.8901826988 40.8800417133, -73.890400498 40.8798570962, -73.8904005823 40.8798570233, -73.8904006655 40.8798569613, -73.8906284412 40.8796795643, -73.8908453936 40.8795170966, -73.8910483405 40.8793438553, -73.8912357374 40.87916108, -73.8912359157 40.8791609001, -73.8912360821 40.8791607192, -73.8914069629 40.8789694464, -73.8921287557 40.8780578022, -73.8923132138 40.8778234343, -73.894072728 40.8755877452, -73.8973272124 40.8714452335, -73.8977896229 40.8708566432, -73.8989185433 40.8696585743, -73.8990732729 40.8695253554, -73.8992138772 40.8693813865, -73.8993385118 40.8692280285, -73.8994456158 40.8690668425, -73.8995340429 40.868899614, -73.899603003 40.8687282082, -73.8996522025 40.8685545791, -73.8999657568 40.8680173015, -73.9010654083 40.8682839038, -73.9012890341 40.8683366794, -73.9015098167 40.8683959528, -73.9017274291 40.8684616363, -73.9019415498 40.8685336307, -73.90215186 40.8686118312, -73.9023580479 40.8686961206, -73.9031866744 40.8691489913, -73.9037497587 40.8695956268, -73.904035926 40.869949163, -73.9044200317 40.8703612763, -73.9044886051 40.8705785482, -73.9044342874 40.8722453088, -73.9044400729 40.8723303279, -73.9044400858 40.8723304188, -73.9044401083 40.8723304999, -73.9044689672 40.8724153948, -73.9044690145 40.8724155209, -73.9044690867 40.8724156291, -73.9045205749 40.8724950227, -73.9045207051 40.872495211, -73.9045208828 40.8724953922, -73.9045918898 40.8725644464, -73.904591949 40.8725645004, -73.904592032 40.8725645536, -73.9046772824 40.872619879, -73.9057142537 40.8731383218, -73.9058661676 40.8731826607, -73.9059112639 40.8731958167, -73.9060180936 40.8732269895, -73.9060791793 40.8732424205, -73.906146689 40.8732602051, -73.9063631653 40.8733190478, -73.9066288701 40.8733803783, -73.9066998473 40.8733967625, -73.9074648981 40.8735473539, -73.9085557958 40.8737754447, -73.9096711791 40.874588768, -73.9097348723 40.8746381438, -73.9102697112 40.8742718146, -73.9105378778 40.8740607421, -73.9106543929 40.8739759434, -73.9107098374 40.8740150269, -73.9108091317 40.8740850221, -73.9108517098 40.8741097374, -73.9109211799 40.8741463959, -73.9109895384 40.8741796398, -73.9110690963 40.8742214126, -73.9111127955 40.8742427248, -73.9111576194 40.8742657389, -73.9111945979 40.8742819401, -73.9112528809 40.8743100721, -73.9112629464 40.8743237042, -73.9112719252 40.874316048, -73.9112786431 40.8743313695, -73.9113105893 40.8743448159, -73.9114842831 40.8744179212, -73.9115100657 40.8744230458, -73.9115504306 40.8744281834, -73.9115717324 40.8744316126, -73.9115975116 40.8744392856, -73.911599747 40.8744452486, -73.9116232921 40.874447815, -73.9116277651 40.8744563379, -73.9116389747 40.8744571921, -73.9116501758 40.8744733734, -73.9116681096 40.8744759445, -73.9116714629 40.8744878615, -73.9116882696 40.8744904317, -73.9116927551 40.8744895797, -73.9117028404 40.8744963951, -73.9117342368 40.8745015249, -73.9117398306 40.8745057885, -73.9117700919 40.8745160231, -73.9117913915 40.8745211443, -73.9118093394 40.8745220144, -73.9118390427 40.8745326709, -73.9118592107 40.8745412058, -73.9118827468 40.874550579, -73.911896194 40.874553994, -73.9119152571 40.8745557195, -73.9119208617 40.8745608286, -73.9119298325 40.8745582781, -73.9119331808 40.8745659447, -73.9119444034 40.8745659533, -73.9119466297 40.8745770211, -73.9119544702 40.874578729, -73.9119578439 40.8745744731, -73.9119657008 40.8745727763, -73.9119690704 40.8745625682, -73.9120307215 40.8745830374, -73.9120845269 40.8745958473, -73.9121529078 40.874613775, -73.9121764462 40.8746214561, -73.9122145448 40.8746350995, -73.9122156628 40.874641909, -73.9122281434 40.8746505632, -73.9122281329 40.8746585415, -73.9122379135 40.8746545589, -73.9122529434 40.8746551385, -73.9122769917 40.8746540213, -73.9122739723 40.8746677064, -73.9122844942 40.8746682916, -73.9122950071 40.8746757106, -73.9123062787 40.8746745747, -73.9123115528 40.8746694468, -73.9123235582 40.874678586, -73.9123333358 40.8746768825, -73.9123423428 40.874683733, -73.9123370769 40.8746917172, -73.9123430885 40.8746940081, -73.9123490999 40.8746865936, -73.9123558652 40.8746940178, -73.9123498423 40.8747002816, -73.9123588554 40.8747025757, -73.9123648753 40.8746985821, -73.912368625 40.874706004, -73.9123776463 40.8747020127, -73.9123874149 40.8747071628, -73.9123949255 40.8747071685, -73.9124046948 40.8747117405, -73.9124227167 40.8747185988, -73.9124309899 40.8747151832, -73.9124400027 40.8747186119, -73.9124520316 40.8747180438, -73.9124572925 40.8747237569, -73.9124775727 40.8747283387, -73.9124880924 40.874730624, -73.912490337 40.874736903, -73.912502363 40.8747403331, -73.9125068781 40.8747340601, -73.9125196545 40.8747352134, -73.9125256579 40.8747437735, -73.9125294111 40.8747494854, -73.9125512009 40.8747517793, -73.9125557022 40.8747569245, -73.9125917686 40.8747643637, -73.9126188084 40.8747797906, -73.91264285 40.8747837989, -73.9126751695 40.8747889561, -73.9126962142 40.8747895475, -73.9127063446 40.8748001089, -73.9127228778 40.8748024005, -73.9127285959 40.8748024048, -73.9127431605 40.8748024158, -73.9127536631 40.874814973, -73.9127686944 40.8748109961, -73.9127874724 40.8748167095, -73.9128002344 40.87482528, -73.9128062407 40.8748298393, -73.9128212679 40.8748298506, -73.912848307 40.8748395675, -73.9128565617 40.8748475583, -73.9128693344 40.8748470016, -73.9128790969 40.8748549945, -73.912884362 40.8748458693, -73.9128948771 40.8748498745, -73.9129046396 40.8748578674, -73.9129211711 40.8748578799, -73.9129362005 40.8748561803, -73.9129437166 40.874849336, -73.9135004277 40.8750178505, -73.9134892893 40.8750360167, -73.9134995513 40.8750340721, -73.9135089556 40.8750347275, -73.9135087771 40.8750443131, -73.9135341538 40.8750471335, -73.9135479739 40.8750531033, -73.913568729 40.8750520653, -73.9135820986 40.8750587272, -73.9135876285 40.8750657362, -73.9136014684 40.875064693, -73.9136222235 40.875065411, -73.9136314542 40.8750619159, -73.9136448276 40.8750647264, -73.9136526756 40.8750580795, -73.9137706546 40.8750960323, -73.9138635865 40.8751240096, -73.9138736798 40.8751240172, -73.9138823175 40.8751294887, -73.9140746733 40.8751827014, -73.9140684192 40.8752082355, -73.9153510592 40.8755945293, -73.9153826795 40.8755930036, -73.9154020517 40.8755992033, -73.9154254877 40.8756077364, -73.9154550501 40.8756209196, -73.9154685592 40.8756319307, -73.9154868348 40.8756365708, -73.9155098984 40.8756431964, -73.9155290489 40.8756455238, -73.9155516739 40.8756538005, -73.91557561 40.8756581133, -73.9155847437 40.8756627458, -73.9156169387 40.8756776391, -73.9156717761 40.8756852793, -73.9157078965 40.8756929058, -73.9157200641 40.8757094351, -73.9157422595 40.8757130857, -73.9157851552 40.8757169449, -73.9172602834 40.8758090036, -73.9173333887 40.8758020592, -73.9174010079 40.8757869047, -73.9174736488 40.8757622499, -73.9176890702 40.8756806845, -73.9177566939 40.8756636279, -73.9177892248 40.8756769549, -73.9178392251 40.875737805, -73.9179192956 40.8757777716, -73.9179918718 40.875804429, -73.9180845216 40.8757949929, -73.9182497419 40.8758179158, -73.9182597243 40.8758445296, -73.9182797405 40.8758559457, -73.9182972745 40.8758483562, -73.9183298371 40.8758369764, -73.9190832634 40.8760648821, -73.9197838121 40.8764214358, -73.9197755688 40.8764975537, -73.919877035 40.8765088875, -73.919921372 40.876545062, -73.919943321 40.8765468305, -73.919968938 40.8765488951, -73.9200289756 40.8765926473, -73.9200689966 40.8766268836, -73.9200564598 40.8766569206, -73.9200539304 40.876662981, -73.9200714359 40.8766800979, -73.9200802838 40.876680104, -73.9201114957 40.8766801256, -73.9201540075 40.8767238656, -73.9202563886 40.8769519903, -73.921577104 40.8781365422, -73.9216063029 40.8781571012, -73.921632862 40.878184794, -73.921692037 40.8782509839, -73.9218221187 40.8783517962, -73.9220672367 40.8785724148, -73.9221344401 40.8786098646, -73.9222297953 40.8786454963, -73.9224079932 40.8786830901, -73.9224079755 40.8786983335, -73.9224297323 40.8786977133, -73.9224882991 40.878706645, -73.9224899275 40.8787447547, -73.9225352308 40.878766576, -73.9225852976 40.8787761124, -73.9226787989 40.8788668137, -73.9227378831 40.8789054454, -73.9227979445 40.8789320914, -73.9228730382 40.8789511464, -73.9229506541 40.8789549992, -73.9230408219 40.8789303536, -73.9230931982 40.8789055558, -73.9231234576 40.8789228077, -73.9231635068 40.8789342363, -73.9231860391 40.8789361522, -73.9232436347 40.8789304887, -73.923259172 40.8789210709, -73.9232686912 40.8789153015, -73.9233037534 40.8789077229, -73.9235917261 40.8789521594, -73.9236115019 40.87890086, -73.9235974206 40.8788987129, -73.9236171913 40.8788527588, -73.9236242313 40.8788549012, -73.9236369523 40.8788153557, -73.9236791924 40.8788260743, -73.9236664799 40.8788634964, -73.9236777387 40.8788656263, -73.9236621928 40.8789115832, -73.923652335 40.8789115767, -73.9236297391 40.8789639431, -73.9237493552 40.8789840364, -73.9237944134 40.878993569, -73.9238269787 40.8789802867, -73.9239020989 40.8789765353, -73.9239421514 40.8789841636, -73.9239696775 40.8789993856, -73.9239871881 40.8790146009, -73.9240372562 40.8790222358, -73.9240572884 40.8790203481, -73.9240648159 40.8790070501, -73.9241799963 40.8790052249, -73.924312685 40.8790186149, -73.9244904279 40.879047239, -73.9245179585 40.8790586599, -73.9245354938 40.8790510685, -73.9245380316 40.8790206634, -73.924580618 40.8790035874, -73.9246156542 40.8790188132, -73.9246557197 40.8790150393, -73.924680819 40.8789618432, -73.9247234213 40.8789295633, -73.9247785338 40.8789048935, -73.9249032753 40.8788883679, -73.9238052559 40.8803249015, -73.921829551 40.8845116013, -73.9213884274 40.8854590528, -73.9210641307 40.8861555611, -73.9205864192 40.8871826782, -73.9203928016 40.8876485004, -73.919785108 40.8892864443, -73.9191594389 40.8908943543, -73.9188801435 40.8916057219, -73.9185368892 40.8925456831, -73.9181640547 40.8935666145, -73.918002636 40.8940086164, -73.9178221826 40.8944222879, -73.9178185203 40.8945424217, -73.9178677043 40.894608012, -73.9179087011 40.8946767661, -73.9176348825 40.8949419052, -73.9169416105 40.8966445518, -73.9168513799 40.8969307833, -73.9167084918 40.8973840553, -73.9167207104 40.897408704, -73.9167273213 40.8974345554, -73.9167281404 40.8974608826, -73.9167231425 40.8974869426, -73.9166734322 40.897527053, -73.9151845592 40.9015842826, -73.9152339744 40.9016967974, -73.9154317295 40.9018126834, -73.915014496 40.9030812988, -73.9145903925 40.9041190018, -73.9142908004 40.9040932078, -73.9141841676 40.9041393342, -73.9138670888 40.9049558354, -73.9128654019 40.9075351221, -73.9128730975 40.9075616958, -73.9128858638 40.9075871206, -73.9129034251 40.9076108427, -73.9129253976 40.9076323448, -73.9129513023 40.9076511592, -73.9129983487 40.907675975, -73.9130402413 40.9077056352, -73.9130761189 40.9077395311, -73.9131052467 40.9077769672, -73.9131116059 40.9077899606, -73.9131151797 40.9078035524, -73.9131158749 40.9078174024, -73.9131136766 40.9078311619, -73.9131086397 40.9078444844, -73.9131008893 40.9078570349, -73.9130906217 40.9078684993, -73.9130780949 40.907878587, -73.9129960417 40.9079169298, -73.9129096106 40.9079492676, -73.9128195651 40.9079753146, -73.9127266962 40.9079948425, -73.9126493219 40.9080708118, -73.9123405118 40.9090581945, -73.9123591844 40.9091367334, -73.9123221769 40.9091888451, -73.9122810707 40.9091933613, -73.9122686886 40.9092301483, -73.9122758398 40.9092635166, -73.9118195242 40.9111483348, -73.9117749578 40.9112521876, -73.9115789571 40.9121359598, -73.9115047545 40.9121698799, -73.9114919068 40.9122337691, -73.9115361894 40.9123020632, -73.9114488251 40.9127546828, -73.9114321303 40.9128238261, -73.9114733209 40.9129109037, -73.9115004579 40.912968269, -73.9115502899 40.9130698131, -73.9116547245 40.9134178517, -73.9114995905 40.9137665813, -73.9114377625 40.9138054509, -73.9113805218 40.9138481736, -73.9113282844 40.913894439, -73.9112814305 40.9139439105, -73.9112403014 40.9139962293, -73.9112051942 40.9140510156, -73.9112020503 40.9140675181, -73.9112023402 40.9140841898, -73.9112060562 40.9141006237, -73.9112131062 40.9141164155, -73.9112233199 40.9141311795, -73.9112364448 40.9141445537, -73.9112023205 40.9142206488, -73.9111601464 40.9142943847, -73.9111102021 40.9143652727, -73.9110528206 40.914432842, -73.91098838 40.9144966455, -73.9109173094 40.9145562593, -73.9108680812 40.9145681338, -73.9108218582 40.9145856287, -73.9107818465 40.9146070067, -73.9107463862 40.9146325935, -73.91071624 40.9146618385, -73.9106685545 40.9147994285, -73.9103325686 40.9155327759, -73.910112766 40.915398734, -73.9085115504 40.9150022643, -73.9024566398 40.9129589339, -73.9006038609 40.9126072654, -73.8999535137 40.9123834347, -73.8981048965 40.9117906004, -73.8972532631 40.9116555199, -73.8966333383 40.9114173753)))', 'MULTIPOLYGON (((-74.0822127287 40.6482801625, -74.0821239437 40.6482781124, -74.0820462947 40.6483077535, -74.0818660354 40.648373391, -74.081652464 40.64842426, -74.0814222816 40.648504726, -74.081356038 40.6484909436, -74.080955983 40.6483486766, -74.080728387 40.6482748735, -74.080518238 40.6482455144, -74.0798099642 40.6483833128, -74.079232527 40.6481863257, -74.0789954633 40.6481425543, -74.0770865797 40.6471998617, -74.0769934111 40.6472058522, -74.0768289569 40.6470805227, -74.0765065715 40.6469688185, -74.0762092246 40.6467238823, -74.0759922273 40.6465520233, -74.0753076708 40.6459130219, -74.074452826 40.6450674885, -74.074078121 40.6450843288, -74.0739584 40.6451932056, -74.0738725802 40.6451478161, -74.0735910796 40.6449989284, -74.0734985133 40.6450833733, -74.0737586128 40.6453133523, -74.073800883 40.6452857071, -74.073829112 40.6453117725, -74.0737788034 40.6453562985, -74.0738341939 40.6454073809, -74.0738565364 40.6454248159, -74.0738214324 40.6454434837, -74.0733381391 40.6457831163, -74.0732453951 40.6457049249, -74.0734869409 40.6455498078, -74.073418388 40.6454884794, -74.0736901179 40.6453057247, -74.0734642978 40.6451079433, -74.0733332882 40.6450343807, -74.0733493887 40.6450220964, -74.073238538 40.6449638639, -74.0730574491 40.6451450274, -74.0730252049 40.6451312384, -74.0732022592 40.6449439414, -74.0730124002 40.6448386798, -74.0730555987 40.6448079177, -74.0734138377 40.6450159182, -74.0734259081 40.6450005684, -74.0732727294 40.6449162803, -74.0733451719 40.6448502577, -74.0731218415 40.6447147998, -74.0729258503 40.6448640735, -74.0728796408 40.6448441798, -74.0727985036 40.6449101239, -74.0725877553 40.6447908628, -74.0727030828 40.6446455958, -74.0726922659 40.6446373701, -74.0725961717 40.6447354729, -74.0725646823 40.644719749, -74.0726123277 40.644675291, -74.0725993496 40.6446670648, -74.0725726389 40.6446938036, -74.0725258757 40.6446700397, -74.0725755176 40.6446176855, -74.0726274239 40.6446439974, -74.0726166243 40.6446505888, -74.0726231124 40.6446538788, -74.0726663073 40.6446209205, -74.072553839 40.6445600723, -74.0725430346 40.6445633714, -74.0725322206 40.6445567919, -74.0725862307 40.644530414, -74.0725992081 40.6445369922, -74.0725840875 40.6445468805, -74.0727246719 40.6446208836, -74.0727904224 40.6445520181, -74.0727458595 40.6445240311, -74.0727826061 40.6444918396, -74.0726982885 40.6444412739, -74.0723310085 40.6445998733, -74.0717067168 40.6450226497, -74.0717164117 40.6450318659, -74.0716873743 40.6450503284, -74.071658297 40.6450337464, -74.07168248 40.6450042195, -74.0716873347 40.6450134396, -74.0723091901 40.6445777541, -74.0722558847 40.6445464307, -74.0721614834 40.6445815345, -74.0720184321 40.6444119332, -74.072112818 40.6443639178, -74.0720982617 40.6443381046, -74.072232184 40.6442882696, -74.0722919027 40.6442660478, -74.0721848857 40.6441104649, -74.0719770181 40.6441813994, -74.0719624778 40.644170342, -74.0718608081 40.6442017617, -74.0717564804 40.6440118453, -74.0718702509 40.6439748854, -74.0718629683 40.6439582898, -74.0719380009 40.643926886, -74.0719476956 40.6439361021, -74.0720581748 40.6439004273, -74.0720008017 40.6437811329, -74.0719062401 40.6437971096, -74.0717925927 40.6438163085, -74.071770752 40.6437720545, -74.0716496944 40.6437868859, -74.071588917 40.6435913158, -74.0716278761 40.6435783412, -74.0715967917 40.6434601576, -74.0713561219 40.643497305, -74.0713410946 40.6434562254, -74.0714909002 40.6434287404, -74.0714728466 40.6433602726, -74.0715020639 40.6433548658, -74.0714820238 40.6432926254, -74.0712534143 40.6433309501, -74.0712577517 40.6433441193, -74.0709832824 40.6433887441, -74.0709724483 40.6433640531, -74.0709508357 40.6433657135, -74.0709378446 40.6433459642, -74.0709680946 40.6433344198, -74.0709594217 40.6433097266, -74.0712576603 40.6432585017, -74.0712728319 40.6432963609, -74.071443317 40.6432705615, -74.0714165977 40.6431931092, -74.071304873 40.6432120039, -74.0713078797 40.6432211324, -74.0711430924 40.6432509101, -74.0711310573 40.643205264, -74.071502632 40.6431293044, -74.0714777727 40.642808294, -74.0716454088 40.6428003597, -74.0716489219 40.6426799321, -74.0717028609 40.6426798985, -74.0717035192 40.6427963351, -74.0721843492 40.6427140934, -74.0721095249 40.6424632171, -74.07037431 40.6426914029, -74.0703292369 40.6425261277, -74.0732382918 40.6421847361, -74.0731440053 40.6418529748, -74.0702465869 40.6422069741, -74.0701939953 40.6420075026, -74.0730868983 40.6416368146, -74.0728900556 40.6409226724, -74.0719628097 40.6409955798, -74.0719817686 40.6410124013, -74.0718050037 40.6410293434, -74.0718114186 40.641123124, -74.0700184918 40.6412781319, -74.0699835471 40.6410689428, -74.0717764802 40.6409259592, -74.0717766574 40.6409203596, -74.0717780441 40.6409148584, -74.0717806014 40.6409096068, -74.0717842609 40.640904748, -74.0717889223 40.6409004154, -74.0717944567 40.6408967279, -74.0718007143 40.6408937847, -74.0718075225 40.6408916688, -74.0718146958 40.6408904369, -74.0718220379 40.6408901216, -74.0718293467 40.6408907339, -74.0718364237 40.640892255, -74.071836434 40.6409018734, -74.0728504117 40.6408036886, -74.0727769004 40.6405289635, -74.0730772578 40.640513312, -74.073090356 40.638619, -74.0730326595 40.63859061, -74.0729293342 40.6385926495, -74.0729260112 40.6384411546, -74.0730161808 40.6384266342, -74.0730144455 40.6384093849, -74.0729319991 40.6384144883, -74.072922784 40.6383762302, -74.0728726553 40.6383799883, -74.0727933685 40.6383859306, -74.0727207648 40.6383859765, -74.0726702469 40.63837639, -74.0726133812 40.6383355451, -74.0725880909 40.6383018943, -74.0725817301 40.6382586139, -74.0726093384 40.6382268955, -74.0723885297 40.6382452658, -74.0723794111 40.6381627263, -74.0726063282 40.6381363079, -74.0725813383 40.6379418746, -74.0725727522 40.6378719097, -74.0734835382 40.6377873579, -74.0734563612 40.6376539453, -74.0735344758 40.6376417222, -74.0734873731 40.637233529, -74.0705395972 40.6374714047, -74.0704941219 40.6371618864, -74.0705271987 40.6371320589, -74.0734156264 40.6368939512, -74.0733734285 40.6366107253, -74.0732402073 40.6366189194, -74.0732385783 40.6366327974, -74.0725102516 40.6366928743, -74.072504215 40.636676829, -74.0723958658 40.6366837745, -74.0723958807 40.6366975318, -74.0721039522 40.6367252306, -74.0720948379 40.6366472774, -74.0724108429 40.6366172708, -74.0724108553 40.6366287362, -74.0725071698 40.636626381, -74.0725041427 40.6366103329, -74.0728231569 40.6365803232, -74.0728291973 40.6365986621, -74.0729014238 40.6365894454, -74.0729014063 40.6365733955, -74.0732234346 40.6365456755, -74.0732311599 40.6365664258, -74.0733160494 40.6365587632, -74.0733582204 40.6365360945, -74.0730394869 40.6347982313, -74.0728318444 40.6336660328, -74.0733282126 40.632058443, -74.0730575131 40.6306906539, -74.0729847461 40.6303089788, -74.0727820682 40.6302461042, -74.0680217355 40.6287875853, -74.0681301921 40.628539046, -74.0729117789 40.629996379, -74.0729282253 40.6299566962, -74.0725125941 40.6277687785, -74.0725035428 40.6277481479, -74.0724583588 40.6277091965, -74.0724492977 40.6276793941, -74.0724552788 40.6276449959, -74.072399006 40.6276311003, -74.0722922308 40.6271517081, -74.0727115125 40.6271034459, -74.0727838219 40.6270485549, -74.0727806599 40.6269279629, -74.0727054334 40.6268741485, -74.072567802 40.6262248974, -74.0722550093 40.6246087498, -74.0712345552 40.6230932975, -74.0712159835 40.6230578059, -74.0711470446 40.6229201446, -74.0710617937 40.6227931546, -74.070989415 40.6227087999, -74.0709170693 40.6226564297, -74.0708237585 40.6226236147, -74.0707887936 40.6226124986, -74.0707596088 40.6226032213, -74.07071994 40.6225774819, -74.070586814 40.6223812241, -74.0705669379 40.6223288206, -74.0705657782 40.6223095484, -74.0705680525 40.6222808456, -74.0705540306 40.6222524248, -74.070506177 40.6222044798, -74.0704956628 40.6221849413, -74.0704477574 40.622089022, -74.0703929138 40.6220481891, -74.0703695681 40.6220215507, -74.0703368752 40.6219780377, -74.0702819777 40.6218847891, -74.0702831274 40.621868796, -74.0702434036 40.6217924175, -74.0702200627 40.6217702222, -74.0701675441 40.6217213911, -74.070086974 40.6216077225, -74.0700799576 40.621586407, -74.0700799305 40.6215606413, -74.0700647193 40.6215100116, -74.0700273503 40.6214540643, -74.0699830079 40.621417667, -74.0699573564 40.6214176826, -74.069944535 40.6214212439, -74.0699205978 40.6214330976, -74.0699037464 40.6214390369, -74.0698803925 40.6214052906, -74.0698815488 40.6213955183, -74.0698909249 40.6213927885, -74.069906024 40.6213883956, -74.0698978244 40.6213510866, -74.0698780029 40.6213510987, -74.0698581503 40.6213191288, -74.0698397063 40.6213232076, -74.069770652 40.621268542, -74.069783736 40.6212471746, -74.0697554308 40.6212081398, -74.0694626581 40.6210874934, -74.0692133249 40.6209025651, -74.0692246052 40.6208921852, -74.0687575026 40.6205562598, -74.0683926882 40.6202938937, -74.0683704291 40.6202939943, -74.0672051908 40.619455406, -74.0666915787 40.6190857639, -74.0666565334 40.6190164883, -74.0664933528 40.6188976015, -74.0664225158 40.6189605564, -74.0664202756 40.6189622669, -74.0664146674 40.618957999, -74.0659606525 40.6193590155, -74.0659100328 40.6193158007, -74.0663776124 40.6188948119, -74.0664098897 40.6188644673, -74.0661990791 40.6187224813, -74.0655728084 40.6192745434, -74.0654458602 40.6192026281, -74.0660793793 40.6186209201, -74.0666820798 40.6180674956, -74.0664155869 40.617872498, -74.0660499149 40.6181954103, -74.0656986476 40.6179564153, -74.0654655 40.6181070703, -74.0651374234 40.6178906994, -74.0651304128 40.6178963866, -74.0649618923 40.6177723992, -74.0643570516 40.6182459451, -74.0642572176 40.6181716873, -74.0650990842 40.6175109562, -74.0644366203 40.6170624143, -74.0640121176 40.6174022262, -74.0639089228 40.6173288255, -74.0643274585 40.6169885031, -74.0641981291 40.6169009349, -74.0639106025 40.6168676137, -74.0638681684 40.6168577109, -74.0638284392 40.6168426393, -74.0637924917 40.6168228064, -74.0637613002 40.61679875, -74.0637357068 40.6167711209, -74.0637302785 40.6167283699, -74.063733726 40.6166854996, -74.0637459631 40.6166435736, -74.0637666869 40.6166036312, -74.0636860994 40.6165416714, -74.0635595454 40.6164443672, -74.0628872404 40.6157518796, -74.062880058 40.6157444804, -74.0618326369 40.6147873111, -74.0614396145 40.6143780206, -74.0611815135 40.6138608881, -74.0610394198 40.6135905497, -74.0608085317 40.6130317338, -74.0607377937 40.6130466775, -74.0606494059 40.612807851, -74.0606742615 40.6125779978, -74.0606123891 40.6123056768, -74.0605035918 40.6121005539, -74.0603368078 40.6119018803, -74.0602364876 40.6119477361, -74.0600902764 40.6120145683, -74.0600796729 40.6119982411, -74.0600045733 40.6120331953, -74.0600085047 40.6120383803, -74.0598544436 40.6121029587, -74.0598670812 40.6121434864, -74.0598871681 40.6122078947, -74.0599122383 40.6122882874, -74.0599212057 40.6123170418, -74.0599521919 40.6124164017, -74.0599613277 40.6124456972, -74.0599919217 40.6125437985, -74.0600016121 40.6125748731, -74.0600181689 40.6126279664, -74.0600417664 40.6127036321, -74.0600473683 40.6127215937, -74.0600044758 40.6127265851, -74.0600162514 40.6127636877, -74.0601977281 40.612786376, -74.0601959411 40.6128017749, -74.0599991968 40.6127838998, -74.0597693073 40.6120566468, -74.0600343229 40.6119427341, -74.0600204848 40.6119285744, -74.0602722482 40.6118196398, -74.0600775494 40.6118301797, -74.0599011042 40.6117491726, -74.0595330674 40.6117142552, -74.0595031259 40.6117041254, -74.059475651 40.6116905301, -74.0594513272 40.6116738074, -74.0594307621 40.6116543748, -74.059414468 40.6116327167, -74.0593386686 40.6115648295, -74.0592702826 40.6114925151, -74.0592097523 40.6114162415, -74.0591574718 40.611336503, -74.0591137793 40.611253818, -74.05902269 40.6111523589, -74.0589216348 40.6110560558, -74.0589013341 40.6110022862, -74.0589274474 40.6109383772, -74.0590456343 40.6108896389, -74.0591233395 40.6108222895, -74.0591221403 40.610738429, -74.0590858434 40.6106336774, -74.0585788124 40.6100486447, -74.0584804292 40.6100107406, -74.0584773642 40.6099272944, -74.0583271145 40.6097682287, -74.0577621975 40.6093260526, -74.0573757037 40.6089619483, -74.0571638389 40.6087427831, -74.0571340359 40.6086356719, -74.0570326363 40.6084742893, -74.056998877 40.6083747732, -74.0569659898 40.6082695473, -74.0568581239 40.6080563572, -74.0578901684 40.6075807547, -74.0604642969 40.6064058242, -74.0651709125 40.6042135091, -74.0643006046 40.6030952959, -74.0639785071 40.6026125129, -74.0635056562 40.6021500544, -74.0636731891 40.6021981667, -74.0642173393 40.6023530158, -74.0647263826 40.6024978674, -74.0655066315 40.6027198814, -74.065710181 40.6027938232, -74.0689811826 40.6039819196, -74.0691403099 40.6040397186, -74.0700036822 40.6043792998, -74.071605107 40.6050135712, -74.0719758399 40.6051555672, -74.0723740924 40.6052845195, -74.0726556242 40.6053753018, -74.0729810683 40.6054699305, -74.0733520731 40.6055630434, -74.0735832671 40.6056210675, -74.0739996529 40.6057255678, -74.0747894223 40.6058702118, -74.075432396 40.6059879671, -74.0755171398 40.6059979505, -74.0758492203 40.6060370711, -74.0765673464 40.6061216646, -74.0777808959 40.6061710088, -74.0815547006 40.6062902966, -74.0828094979 40.6064109789, -74.0834193333 40.6065225088, -74.0835513163 40.6065519861, -74.0840678168 40.6066814854, -74.0849000246 40.6068901316, -74.0854275627 40.6070223904, -74.0867299707 40.6075512704, -74.0871642161 40.6077276018, -74.0879626873 40.608051828, -74.0887463861 40.6083700464, -74.0894937008 40.6086869334, -74.0904549592 40.6090945262, -74.0908154112 40.6092365856, -74.0930568558 40.6101199356, -74.0941095909 40.6104065521, -74.0944640493 40.6104852191, -74.0948248917 40.6105480575, -74.0951902703 40.6105946637, -74.0955582975 40.6106247779, -74.0959270445 40.6106383478, -74.097217507 40.610628018, -74.0973045569 40.6106273211, -74.0977696873 40.6106235927, -74.0993845307 40.6105613901, -74.0994698988 40.6105581014, -74.1000361657 40.610536282, -74.1008280696 40.6105066716, -74.1013859688 40.6104858075, -74.1016547805 40.6104757534, -74.1018122545 40.6104698624, -74.1023959691 40.6104480286, -74.1029018242 40.6104291026, -74.1033759692 40.6104134718, -74.1042949541 40.6103821302, -74.1054938901 40.6103436175, -74.1066750959 40.610286803, -74.1072296388 40.6102524445, -74.1077864512 40.6102350569, -74.1083441798 40.6102347676, -74.1088526824 40.6102501093, -74.1089014624 40.610251585, -74.1094569653 40.6102854384, -74.1100093405 40.6103362057, -74.1104795654 40.6104186558, -74.110826544 40.6105069152, -74.1111363814 40.6105860601, -74.1126374729 40.6109673667, -74.1129530694 40.6110389727, -74.1132740795 40.6110979372, -74.1135992039 40.6111439122, -74.1139270712 40.6111766828, -74.1142562985 40.6111961495, -74.1145854784 40.6112022956, -74.1150874543 40.6112094314, -74.1156683388 40.611175385, -74.1165110576 40.6110509282, -74.1167799682 40.6109920493, -74.1168745822 40.6109718256, -74.1173892392 40.610833215, -74.1183265085 40.6105807742, -74.1199396791 40.6101462671, -74.1209847226 40.6098671311, -74.1213517957 40.6097652679, -74.1224721474 40.6094812355, -74.1225232486 40.6094689996, -74.1232652196 40.6092913473, -74.1235063917 40.6092336018, -74.1239812608 40.6091352182, -74.1245261872 40.6090223186, -74.1251456313 40.6089084709, -74.1252004034 40.6088984047, -74.1263049789 40.6086996432, -74.1265091146 40.6086629079, -74.126743615 40.6086319147, -74.1274296078 40.6085497607, -74.1278426716 40.6085002892, -74.1287489747 40.6083917408, -74.1298332371 40.6083039431, -74.1309400236 40.6082143121, -74.1315687339 40.6081811726, -74.1321045967 40.6081529236, -74.133079388 40.6081027972, -74.1340090918 40.6080549816, -74.1349425821 40.608006965, -74.1361628747 40.6079441823, -74.1364638227 40.6079263651, -74.1371367889 40.6078905122, -74.1380692988 40.6078408243, -74.1390029486 40.6077910671, -74.139936981 40.6077412821, -74.1408864122 40.6076934941, -74.1418444918 40.6076415469, -74.1428791665 40.6075854388, -74.1435503651 40.6075747237, -74.1439455822 40.6075904848, -74.1445610107 40.6076150252, -74.1454990358 40.6077303782, -74.1462817732 40.6078862738, -74.1472438176 40.6081421176, -74.1475909532 40.6082574346, -74.1478892679 40.6083578926, -74.1482388662 40.6084941452, -74.1483961501 40.6085554434, -74.1488696139 40.608771578, -74.1490995178 40.6088825567, -74.1496842384 40.6092005376, -74.1501866657 40.6094978112, -74.1503190077 40.6095928144, -74.1512034822 40.610264995, -74.153172754 40.6117615209, -74.1537183425 40.612206282, -74.1537911674 40.6122556125, -74.1538683238 40.6123206278, -74.1547408019 40.612992318, -74.154792653 40.6130322305, -74.1565118781 40.6143544819, -74.1573738371 40.6150319108, -74.1579267379 40.6154574246, -74.1586174178 40.6159393157, -74.1591279817 40.616296375, -74.1598670488 40.6168132255, -74.1605217737 40.6172297889, -74.1616301029 40.6179349351, -74.1623545772 40.618335638, -74.1633739172 40.6188545903, -74.1639409496 40.6191432621, -74.1648419037 40.6195724053, -74.1657068247 40.6199540359, -74.1660319328 40.6200945345, -74.1674266664 40.6206772837, -74.1676971032 40.6207902751, -74.1680808622 40.6209362566, -74.1684731133 40.6210458154, -74.1687847204 40.6211240288, -74.1688889429 40.6211511436, -74.169236246 40.621216434, -74.169536565 40.6212704992, -74.1698574067 40.621312387, -74.1709554647 40.6214421806, -74.1718117812 40.6215433834, -74.1720711297 40.6215786202, -74.17236261 40.621635799, -74.1727075221 40.6217115384, -74.1732673082 40.6218389835, -74.1736124409 40.6219487408, -74.1739501674 40.6220731687, -74.1742788793 40.6222117925, -74.1745970625 40.6223640121, -74.1749032852 40.6225291067, -74.175196257 40.6227062435, -74.1761005282 40.6234062425, -74.1777529863 40.6249384499, -74.1778150217 40.6249909633, -74.1780882017 40.6252604269, -74.1782817741 40.6254513608, -74.178883906 40.6259328719, -74.1791837741 40.626137886, -74.1792462346 40.6261805814, -74.1795447068 40.6263623534, -74.1799370609 40.6266012968, -74.1803342485 40.62683463, -74.181902357 40.6277558068, -74.1836879104 40.6287379252, -74.1864906854 40.6302227408, -74.1921584271 40.6332309232, -74.192489377 40.633402616, -74.1955597521 40.6350239853, -74.1955275371 40.6350545993, -74.1955085217 40.6350769826, -74.1954869269 40.6350972999, -74.1954734707 40.6351099616, -74.1954600458 40.6351470553, -74.1954289415 40.6351759348, -74.1953921819 40.6351902029, -74.1953614204 40.6351993208, -74.1953293493 40.6352121554, -74.1953070435 40.6352338959, -74.1953040654 40.6352571956, -74.1953074735 40.6352871151, -74.1952893502 40.6353009427, -74.1952551118 40.6353337907, -74.1952126274 40.6353771734, -74.1951857736 40.6354157811, -74.1951782949 40.6354429445, -74.195186012 40.635466571, -74.1952066133 40.63549124, -74.19521833 40.635511435, -74.1952153375 40.6355209181, -74.1951995802 40.6355240723, -74.1951912643 40.6355268871, -74.1951820845 40.6355390912, -74.1951789077 40.635553052, -74.1951828096 40.6355756331, -74.1951989608 40.6355911559, -74.1952180479 40.6356032949, -74.1952242026 40.6356274005, -74.1952183441 40.6356479864, -74.1952094173 40.6356634293, -74.1952052418 40.6356782482, -74.1952045009 40.6356892547, -74.1952009692 40.6357079447, -74.1951766105 40.6357331493, -74.1951547961 40.6357451912, -74.1944948082 40.6364495219, -74.1945135217 40.636456336, -74.1945380032 40.6364746994, -74.1945471651 40.6364895389, -74.1945446233 40.6365162031, -74.1945260689 40.6365343458, -74.1944932349 40.6365497156, -74.194458523 40.6365554845, -74.1944360657 40.636564072, -74.1944225691 40.6365821062, -74.1944138699 40.6366335839, -74.1944496285 40.6368040263, -74.1944725219 40.6368744848, -74.1944964535 40.6369186969, -74.1945029598 40.6369706162, -74.1945185104 40.6370342919, -74.1945421254 40.6370700278, -74.1945612902 40.6370815653, -74.1945941228 40.6370931904, -74.1946213512 40.6370902833, -74.1946441838 40.6370782173, -74.1946561203 40.6370590611, -74.1946648487 40.6370488434, -74.1946795009 40.6370346417, -74.1946910614 40.6370324626, -74.1947021136 40.6370347511, -74.1947340385 40.6370407755, -74.1947712346 40.6370800698, -74.1947868964 40.6371315117, -74.1947765742 40.6371768623, -74.1947715065 40.6371962942, -74.1947707759 40.6371991014, -74.1947553985 40.6372305161, -74.1947371361 40.6372673531, -74.1946231011 40.6373911832, -74.1945406543 40.63741367, -74.1945003138 40.6374222797, -74.1944240593 40.6374189921, -74.1943903816 40.6374053827, -74.1943800478 40.6373973495, -74.1943668923 40.6373896912, -74.1943595427 40.6373700813, -74.1943594361 40.6373691918, -74.194358061 40.6373577106, -74.1943565186 40.6373302221, -74.1943371695 40.6373163022, -74.1943111981 40.637315704, -74.1942810996 40.637327214, -74.1942575098 40.6373358673, -74.1942351669 40.6373371298, -74.1942041111 40.6373230765, -74.1941741283 40.6373105504, -74.1941327566 40.6373064121, -74.1940828173 40.6373043982, -74.1939730865 40.6373091139, -74.1938983634 40.6373246965, -74.1938269243 40.6373464087, -74.1937742819 40.6373673229, -74.193722249 40.6373909394, -74.1936265512 40.6374446554, -74.1935831772 40.6374691173, -74.1937196459 40.6375668146, -74.1932342886 40.6379612994, -74.18702347 40.6429816416, -74.1865249687 40.6433886625, -74.1862320982 40.6431873972, -74.1861007861 40.6432712185, -74.1860631841 40.6434478525, -74.1859817042 40.643513462, -74.1859089671 40.6436314397, -74.1856385753 40.6437693796, -74.1855741941 40.6438022229, -74.1855011659 40.643815436, -74.1853592669 40.6437927475, -74.1853454299 40.6437862915, -74.1853033202 40.6437666469, -74.1852045292 40.6437897234, -74.1851358074 40.6438062037, -74.1851143158 40.6438062383, -74.1850886087 40.6438357447, -74.1851058834 40.643865181, -74.185174355 40.6439029449, -74.1852479359 40.6439435263, -74.1851963785 40.643950157, -74.1851663455 40.6439698484, -74.1851362706 40.6439731711, -74.1849818127 40.6440716367, -74.1849268335 40.6440717251, -74.1848915536 40.6440717819, -74.184865802 40.6440849186, -74.1848465865 40.6441264428, -74.1848359456 40.6441282663, -74.1848254957 40.6441171122, -74.1847888179 40.6440721874, -74.1847731084 40.6440452448, -74.1847700422 40.6440257859, -74.1847708512 40.6440088404, -74.1847718394 40.6439985657, -74.1847666434 40.6439784492, -74.1847577361 40.6439573805, -74.1847539081 40.6439454314, -74.1847486012 40.6439390741, -74.1847211953 40.643928556, -74.1847001223 40.643924333, -74.1846842559 40.6439205808, -74.1846596166 40.6439118583, -74.1846403751 40.6438906298, -74.1846281576 40.6438477594, -74.184625891 40.6438310008, -74.1846177185 40.6438169586, -74.1846048912 40.6438028068, -74.1845949308 40.643796339, -74.1845860766 40.6437905881, -74.1845779394 40.6437867604, -74.184553253 40.6437874709, -74.1845353559 40.6437889486, -74.1845124762 40.6437871933, -74.1844922641 40.6437813471, -74.1844721983 40.6437719545, -74.1844553332 40.6437537244, -74.184447143 40.6437345771, -74.1844447939 40.6437170388, -74.1844433895 40.6436986569, -74.1844447681 40.6436871785, -74.1844445866 40.6436805104, -74.1844423389 40.6436688604, -74.1844357608 40.6436602223, -74.1844244501 40.6436506914, -74.1844020069 40.643638302, -74.1842996779 40.6436067875, -74.1842441199 40.6435983693, -74.1842004764 40.6435904066, -74.1841781323 40.6435839037, -74.1841552186 40.6435719338, -74.1841327566 40.6435544366, -74.1841131911 40.6435300836, -74.1840953582 40.6434828367, -74.1840692351 40.6434105559, -74.1840637752 40.6433945372, -74.1840603105 40.6433843795, -74.1840555961 40.643344195, -74.1840648326 40.6433239906, -74.1840761375 40.6433087672, -74.1840885473 40.6432942634, -74.1841065565 40.6432790274, -74.18411386 40.6432699403, -74.184117372 40.6432591185, -74.1841209655 40.6432490792, -74.1841299919 40.6432367438, -74.1841408427 40.6432270486, -74.184153598 40.6432207749, -74.1841647578 40.6432090971, -74.184175526 40.6431986212, -74.1841869122 40.6431841794, -74.1841923925 40.6431724539, -74.1841974352 40.6431713607, -74.1842069898 40.6431739254, -74.184216641 40.6431823766, -74.1842219655 40.6431938407, -74.1842223274 40.6432071777, -74.1842266907 40.6432143803, -74.1842328135 40.6432285447, -74.1842396156 40.6432344196, -74.1842497045 40.6432322359, -74.1842601012 40.6432280705, -74.1842731006 40.6432241369, -74.1842832708 40.6432227356, -74.1842920248 40.6432225973, -74.1842979495 40.6432249886, -74.1843143688 40.6432291002, -74.1843217087 40.6432302267, -74.1843285569 40.6432266695, -74.1843320878 40.6432209536, -74.1843272515 40.6432141751, -74.1843152416 40.6432078303, -74.1843052 40.6432005819, -74.1843051812 40.6431954751, -74.1843107604 40.6431896353, -74.1843229626 40.6431830032, -74.1843328239 40.6431835827, -74.1843475663 40.6431815103, -74.184361574 40.6431724106, -74.1843626448 40.6431629156, -74.1843592249 40.6431548732, -74.1843523403 40.6431482168, -74.1843417444 40.6431406081, -74.1843335896 40.6431316745, -74.1843327736 40.6431238647, -74.1843393765 40.6431179647, -74.1843485856 40.6431122983, -74.184359763 40.6431057264, -74.1843680263 40.6431009026, -74.1843704675 40.6430995767, -74.1843590107 40.6430935913, -74.1843387351 40.6430920713, -74.1843121008 40.6430987932, -74.184296106 40.6431036933, -74.1842756216 40.6431100424, -74.1842576586 40.6431158462, -74.1842418914 40.6431179805, -74.1842228859 40.6431187404, -74.1842144399 40.6431168961, -74.1842070659 40.643105556, -74.1841989572 40.6430871875, -74.1841913355 40.6430735046, -74.1841895597 40.6430614333, -74.1841964374 40.6430433353, -74.1842007927 40.6430257826, -74.1841960863 40.6430103517, -74.184179613 40.6429909196, -74.1841588753 40.6429701742, -74.1841453962 40.6429497747, -74.1841350553 40.6429248639, -74.1840911458 40.6427959032, -74.1840764548 40.642744145, -74.1840600549 40.6427007401, -74.1840374414 40.6426620359, -74.1840245428 40.6426274549, -74.1840117632 40.6426038709, -74.1840048057 40.642576789, -74.1839913916 40.6425520642, -74.1839805318 40.6425370051, -74.1839696118 40.642526273, -74.1839595339 40.6425088109, -74.1839549065 40.6424941606, -74.1839432507 40.6424764011, -74.1839326374 40.6424636866, -74.1839035838 40.6424324436, -74.1838238028 40.642374809, -74.1837275015 40.6423071745, -74.1837208435 40.6422977567, -74.1837193919 40.6422888069, -74.1837261235 40.6422742546, -74.1837268728 40.6422733375, -74.1836506703 40.6422396411, -74.1836330058 40.6422606379, -74.1836216373 40.6422801866, -74.1836150046 40.6423006273, -74.1836127164 40.642323161, -74.1836167245 40.6423417783, -74.1836269838 40.6423659085, -74.1836363173 40.6423959899, -74.1836564244 40.6424403471, -74.1836726886 40.6424676501, -74.1836860861 40.6424872699, -74.1837050191 40.6425104812, -74.1837220265 40.6425251677, -74.1837372295 40.6425423181, -74.1837954852 40.6426012577, -74.1838066516 40.6426143334, -74.1838087717 40.642634635, -74.1838037819 40.6426510477, -74.1837970667 40.642670706, -74.1837922585 40.6426937868, -74.1837881284 40.6427085746, -74.1837906861 40.6427182421, -74.1838013183 40.6427360635, -74.1838301916 40.6427606384, -74.1838669766 40.6427918043, -74.1838893722 40.6428136286, -74.1839143102 40.6428400118, -74.1839286513 40.6428587881, -74.1839445053 40.6428821862, -74.1839494593 40.6428999599, -74.1839480794 40.6429114375, -74.183944894 40.6429253826, -74.1839527761 40.6429465151, -74.1839652291 40.6429669757, -74.1839804699 40.6429943425, -74.1840193833 40.6430705633, -74.1840297054 40.643090369, -74.184026112 40.6431004083, -74.1840160595 40.6431128048, -74.1839996932 40.6431240127, -74.1839751436 40.643140826, -74.183960374 40.6431574372, -74.1839476715 40.6431790313, -74.1839344985 40.6432010467, -74.1839201357 40.6432215628, -74.1839158616 40.6432398961, -74.1839110795 40.6432484353, -74.1839034682 40.6432595058, -74.1838956833 40.6432650943, -74.1838755705 40.6432651355, -74.183845759 40.6432661566, -74.1838232523 40.6432580915, -74.1838008105 40.6432457002, -74.1837834927 40.6432329999, -74.1837601689 40.6432171259, -74.1837432239 40.6431981151, -74.1837383087 40.643190555, -74.1837304795 40.6431847429, -74.183723122 40.6431785095, -74.1837107867 40.6431690414, -74.1836917272 40.6431544816, -74.1836746833 40.6431295833, -74.1836645416 40.6431164456, -74.18365567 40.6431055896, -74.1836367568 40.6430874833, -74.1836205453 40.6430755017, -74.1836054423 40.643064236, -74.1835617276 40.6430358484, -74.1835450268 40.6430191803, -74.1835393122 40.6430089172, -74.1835297885 40.6429918135, -74.1835156916 40.6429753817, -74.1834967147 40.6429616007, -74.1834742719 40.6429492094, -74.1834512122 40.6429407858, -74.1834338473 40.6429375166, -74.18340441 40.642932228, -74.1833845073 40.6429243991, -74.1833736037 40.6429187729, -74.1833454176 40.6429106601, -74.1833278274 40.6429101532, -74.1833095389 40.6429128344, -74.1832835378 40.6429206969, -74.1832659025 40.6429296239, -74.1832500265 40.6429455173, -74.1832421225 40.642963678, -74.1832439995 40.6429816377, -74.1832544665 40.6429978971, -74.1832672922 40.6430120508, -74.1832835387 40.6430342461, -74.1833019163 40.6430571, -74.1833180178 40.6430828409, -74.1833285838 40.6431049886, -74.1833435153 40.6431343379, -74.183359498 40.6431490837, -74.1833810337 40.6431725313, -74.1833992663 40.6431989307, -74.1834167004 40.6432226262, -74.1834282287 40.6432490381, -74.1834377711 40.6432712468, -74.1834458334 40.6432990474, -74.1834551306 40.6433189142, -74.1834631577 40.6433365021, -74.1834698862 40.6433663472, -74.1834738273 40.6434040583, -74.1834745364 40.643410857, -74.1834698743 40.6434303913, -74.1834669504 40.6434517851, -74.1834630017 40.6434732418, -74.183452087 40.6434872632, -74.1834324821 40.6434970958, -74.1834136591 40.6435045236, -74.1833996325 40.6435085163, -74.1833830394 40.6435224882, -74.1833776403 40.6435349952, -74.1833767046 40.6435605903, -74.1833847669 40.643588391, -74.1833983284 40.6436095712, -74.183415909 40.6436297229, -74.1834331619 40.6436467503, -74.1834573643 40.6436661071, -74.1834836066 40.6437049857, -74.1834903187 40.643729724, -74.1834988176 40.6437468888, -74.1835069085 40.6437601513, -74.183518891 40.6437810342, -74.1835301116 40.6438094286, -74.1835334203 40.6438312303, -74.1835423284 40.6438523018, -74.1835430606 40.6438593274, -74.1835358407 40.6438691951, -74.1835291891 40.6438845298, -74.1835428959 40.6439021654, -74.1835630871 40.6439473032, -74.183617394 40.6440276996, -74.1836410878 40.6440816633, -74.1836648496 40.6441560524, -74.1836849421 40.6441953037, -74.18369982 40.6442093325, -74.1837084599 40.6442673501, -74.1837151096 40.6442964154, -74.1837162971 40.6442979156, -74.183724353 40.6443009627, -74.1837297059 40.6442978879, -74.1837344597 40.6443038858, -74.1837568635 40.6443504619, -74.1837936738 40.6444114889, -74.1838004498 40.644431901, -74.1837933629 40.6444578707, -74.1837755513 40.6444848815, -74.1837621691 40.6445147677, -74.1837442597 40.6445358919, -74.1837275025 40.6445483017, -74.1837042686 40.6445579618, -74.1836839641 40.6445709788, -74.1836698097 40.6445836249, -74.1836706257 40.6445914329, -74.1836716055 40.6446008031, -74.1836674589 40.6446104849, -74.183659746 40.6446156671, -74.1836339094 40.6446250918, -74.1835946462 40.6446294364, -74.1835638907 40.6446313019, -74.1835395967 40.6446308093, -74.1835041239 40.6446368886, -74.1834844197 40.6446408346, -74.1834473051 40.6446509418, -74.1834175119 40.6446570697, -74.1833919016 40.6446637302, -74.1833595044 40.6446696245, -74.1833256919 40.6446767808, -74.1832882331 40.6446786586, -74.1832678296 40.644685789, -74.1832449222 40.6446985724, -74.1832261129 40.6447111079, -74.1832093568 40.6447235167, -74.1831831296 40.6447341441, -74.183151612 40.6447435201, -74.1831060698 40.6447568897, -74.1829800005 40.6447943917, -74.1828893164 40.6448002831, -74.1827975699 40.6447960218, -74.1827282967 40.6447896131, -74.18265318 40.6447815935, -74.1825850142 40.6447759024, -74.1825109236 40.6447678199, -74.1824283217 40.6447622191, -74.1823356331 40.6447588, -74.1822796851 40.6447515828, -74.1822209079 40.6447468951, -74.1820090623 40.6447039435, -74.1819861649 40.6446970808, -74.1819524614 40.6446904784, -74.1819282324 40.6446856612, -74.181899982 40.6446818723, -74.1818678925 40.6446857827, -74.1818421996 40.6446916614, -74.1817939719 40.6447040144, -74.1817493555 40.6447114332, -74.1817159158 40.6447122821, -74.1816676334 40.6447093146, -74.1816270639 40.6447011642, -74.1815907414 40.6446892212, -74.181544231 40.6446735743, -74.1814943985 40.6446557713, -74.1814499401 40.6446399995, -74.1814165283 40.6446263067, -74.1813810669 40.6446127413, -74.1813332732 40.6445999105, -74.1812950934 40.6445896615, -74.1812707808 40.6445840635, -74.1812443535 40.6445829137, -74.1812165935 40.6445838112, -74.1811843425 40.6445861592, -74.181160066 40.644590773, -74.1811346996 40.6445997749, -74.1811125702 40.6446101541, -74.1810865228 40.6446274491, -74.1810650825 40.6446542859, -74.1810423907 40.6446839514, -74.1810329092 40.6447018138, -74.1810070486 40.6447505285, -74.1809952884 40.6447712796, -74.1809765147 40.6447940275, -74.1809630964 40.6448136989, -74.1809444505 40.6448277943, -74.180915799 40.6448448547, -74.1808942077 40.6448504845, -74.1808721248 40.6448514297, -74.1808501907 40.6448488302, -74.1808286273 40.6448399219, -74.1808068653 40.6448192379, -74.1808018319 40.6448006843, -74.1808051286 40.6447729809, -74.1808073992 40.6447453395, -74.1808078014 40.6447244927, -74.1808069952 40.6446970371, -74.1808051038 40.6446739706, -74.1808049158 40.644642549, -74.1808032857 40.6446269329, -74.1807999941 40.644610238, -74.1807928936 40.6445866996, -74.1807883668 40.6445779384, -74.1807699431 40.6445645172, -74.1807519272 40.6445550009, -74.1807129836 40.6445377145, -74.180675798 40.6445273953, -74.1806291426 40.6445152936, -74.1806050729 40.6445120364, -74.1805815413 40.6445066414, -74.1805271913 40.6444846955, -74.1805032389 40.6444574519, -74.1804991786 40.6444271458, -74.1804899775 40.6443598995, -74.1804817394 40.6442789251, -74.180040779 40.6442881406, -74.1800477219 40.6443716809, -74.1799067147 40.6443787221, -74.1799240476 40.6446550123, -74.1799365601 40.6446548991, -74.1799650726 40.645266982, -74.1798956831 40.6452687962, -74.1798840632 40.64511024, -74.1798437689 40.645110303, -74.1798483943 40.6451648601, -74.1797745277 40.6451666803, -74.179729878 40.6443807024, -74.1793311724 40.6444005122, -74.1793315386 40.6444866194, -74.179314325 40.6445155655, -74.1793047612 40.6445373099, -74.1792994214 40.6445598781, -74.179298419 40.644582797, -74.1793017751 40.6446055866, -74.1793110941 40.6446383609, -74.1793156762 40.6446717126, -74.179330097 40.6447037757, -74.179330629 40.6447046394, -74.1793332045 40.6447101177, -74.1793345664 40.6447158429, -74.179334679 40.644721661, -74.1793335406 40.6447274153, -74.1793311792 40.644732949, -74.1793102526 40.6447594146, -74.1792924907 40.64478719, -74.1792916597 40.6448030468, -74.1792883004 40.6448187085, -74.1792824621 40.6448339418, -74.1792810015 40.6448592721, -74.1792846609 40.6448844737, -74.1792933535 40.6449089489, -74.1793068744 40.644932118, -74.1793249029 40.6449534322, -74.1793366883 40.6449642624, -74.1793385211 40.6449670386, -74.1793397385 40.6449700048, -74.1793403084 40.6449730819, -74.179340215 40.6449761879, -74.1793394619 40.6449792427, -74.1793380676 40.6449821626, -74.179336071 40.6449848727, -74.1793031964 40.645009102, -74.1792512338 40.6450418773, -74.1792321531 40.645046551, -74.1792118698 40.6450498227, -74.1792027127 40.6450469283, -74.1791928812 40.6450434252, -74.1791715195 40.645030754, -74.1791539934 40.6450147214, -74.1791443312 40.6449884062, -74.179127883 40.6449502236, -74.1791061324 40.6448768147, -74.1790746661 40.6446465071, -74.1790814419 40.6445056967, -74.1790676773 40.6444515896, -74.1790564785 40.64440287, -74.1790551338 40.6443599371, -74.1790535246 40.6443197828, -74.1790456584 40.6442622059, -74.1790494168 40.6441732367, -74.1790596465 40.6440701167, -74.1790441056 40.6439853308, -74.1790396663 40.6439086341, -74.1790261905 40.6438576695, -74.1790167664 40.643822662, -74.1790089504 40.6437938836, -74.179006046 40.643756558, -74.1790019684 40.6437177168, -74.1790014872 40.6436842074, -74.1790081494 40.6436495297, -74.1790187637 40.6435562517, -74.1790356373 40.6434803945, -74.1790355589 40.6433947867, -74.1790453881 40.6433776957, -74.1790659064 40.6433529319, -74.1790795952 40.6433383951, -74.1791012426 40.6433202798, -74.1791139461 40.6433006674, -74.1791334365 40.6432929232, -74.1791620364 40.6432941637, -74.1791790814 40.6432936527, -74.1792077048 40.6432838446, -74.1792363052 40.6432681211, -74.179254044 40.6432525802, -74.1792696724 40.6432422809, -74.1792858792 40.6432382627, -74.1793080778 40.6432374771, -74.179329509 40.6432339703, -74.1793389076 40.6432291307, -74.1793524745 40.64321894, -74.1793749827 40.6431763175, -74.179385962 40.6431548238, -74.1793953341 40.6431440678, -74.179404828 40.6431289666, -74.1794083265 40.6431106319, -74.1794057831 40.6430941969, -74.1793958344 40.643081706, -74.1793808026 40.6430702766, -74.1793708037 40.643062917, -74.1793725306 40.6430478333, -74.1793807511 40.6430414781, -74.1793928349 40.6430376789, -74.1794101431 40.6430343911, -74.1794235197 40.6430277631, -74.1794354809 40.6430113451, -74.179433682 40.6429917156, -74.1794211675 40.6429738382, -74.1794077368 40.6429572716, -74.1794168672 40.6429032477, -74.1794109226 40.64288021, -74.1794072852 40.6428614281, -74.1794053088 40.6428294204, -74.1793945103 40.6428161276, -74.1793883898 40.6428120749, -74.1793852835 40.6427991041, -74.1793951261 40.6427496808, -74.1794015783 40.6427416742, -74.1794040164 40.6427316926, -74.1794084474 40.6426807334, -74.1794157857 40.6426562602, -74.1794284436 40.6426114314, -74.1794392417 40.6425933412, -74.1794544513 40.6425658948, -74.1794697716 40.6425501181, -74.1794726079 40.6425444926, -74.1794840262 40.64252272, -74.1794946248 40.642486761, -74.1795238206 40.6423976279, -74.1795291401 40.642377275, -74.1795324892 40.6423719882, -74.1795425331 40.642356127, -74.179541889 40.6423386471, -74.1795469628 40.6423051687, -74.1795529266 40.6422866059, -74.1795561159 40.6422430113, -74.1795703498 40.6422101426, -74.1795820774 40.6421865297, -74.179591501 40.6421743499, -74.179600747 40.6421497756, -74.1796043794 40.6421214827, -74.1796022935 40.6420778036, -74.1796121355 40.6420440736, -74.1796096736 40.6420328921, -74.1796059667 40.6419663107, -74.1796018181 40.6419314995, -74.1795975824 40.6419218714, -74.1795871371 40.6419176832, -74.1795688887 40.6419171939, -74.1795575356 40.6419240016, -74.1795538342 40.6419358762, -74.1795490458 40.6419620402, -74.1795430425 40.6420481141, -74.1795339822 40.6421478527, -74.1795227428 40.6421820216, -74.1795071789 40.6422223334, -74.1794856071 40.6422639855, -74.1794833895 40.6422816193, -74.1794721299 40.6423416998, -74.1794620869 40.6423732508, -74.1794049109 40.6425072969, -74.1793935826 40.6425352667, -74.1793778625 40.6425623762, -74.1793672891 40.6426038103, -74.1793401764 40.642689547, -74.1793283586 40.6427069607, -74.179322017 40.6427266389, -74.1793161869 40.6427466539, -74.1793136169 40.6427708747, -74.1793141067 40.6428128139, -74.1793039783 40.6428852414, -74.1792935357 40.6429124345, -74.1792748903 40.6429389713, -74.1792440485 40.6429683448, -74.1792211296 40.642978243, -74.1791872808 40.6429875396, -74.1791585615 40.6429906434, -74.1791398609 40.6429900611, -74.1791228649 40.6429854409, -74.1790817496 40.6429663238, -74.1790633135 40.642962963, -74.179050583 40.642959695, -74.1790392684 40.6429492504, -74.1790188168 40.6429239047, -74.1789844591 40.6428598465, -74.1789462648 40.642765219, -74.1789382086 40.6427451319, -74.1789318775 40.6427269269, -74.1789220485 40.642710089, -74.1789090053 40.6426977649, -74.1788900863 40.6426880075, -74.178888893 40.6426873925, -74.1788375586 40.6425737376, -74.1788209439 40.6425450314, -74.1788118093 40.6425301312, -74.1788019084 40.6425125099, -74.1787907842 40.6424985034, -74.1787811448 40.6424950712, -74.1787707179 40.6424999646, -74.178735432 40.6425274853, -74.1786761247 40.6425641737, -74.1786406204 40.6425723741, -74.1785990978 40.6425714255, -74.1785135619 40.6425479638, -74.1784831384 40.6425211755, -74.1784702386 40.6424934559, -74.1784248301 40.6423992122, -74.1783951239 40.6423293815, -74.1783699016 40.6422802243, -74.178349236 40.6422525231, -74.1783339638 40.6422328191, -74.1783203219 40.6422082956, -74.1783066801 40.6421837704, -74.1782912642 40.642162497, -74.1782726124 40.6421398175, -74.1782566209 40.6421292279, -74.1782449478 40.6421318205, -74.1782360068 40.6421472873, -74.1782390998 40.642181052, -74.1782867418 40.6423335668, -74.178347617 40.6424778816, -74.1783600119 40.6425170702, -74.1783683088 40.6425454291, -74.1783613096 40.6425651325, -74.1783412702 40.6425894758, -74.1783171291 40.6426029896, -74.178288745 40.6426041052, -74.1782460261 40.6425925538, -74.1782021761 40.6425806962, -74.178173241 40.6425644821, -74.1781522166 40.6425498191, -74.1781329892 40.6425378206, -74.1781099262 40.6425291844, -74.1780613334 40.6425301907, -74.178007635 40.6425433026, -74.1779834939 40.6425568172, -74.1779595217 40.6425778175, -74.1779559987 40.6425902357, -74.1779400331 40.6426194895, -74.1779307087 40.6426251141, -74.1778907927 40.6426303935, -74.177866772 40.642622597, -74.1778408802 40.6426113482, -74.1778235958 40.6426035872, -74.1778123762 40.642599844, -74.1777980407 40.6426073134, -74.177789784 40.6426356566, -74.1777854319 40.6426505921, -74.1777733062 40.6427273811, -74.1777693532 40.6428029444, -74.1777595733 40.6428488357, -74.1777431049 40.6428895574, -74.177728066 40.6429072822, -74.1777206673 40.6429159998, -74.1776863625 40.6429485968, -74.1776402155 40.6429762996, -74.1775312844 40.6430140483, -74.177488373 40.6430261923, -74.1774586457 40.6430352686, -74.1774413841 40.6430334258, -74.1774225475 40.6430217022, -74.1773959132 40.6430091162, -74.1773857434 40.643012091, -74.1773537254 40.6430386877, -74.177328269 40.6430640496, -74.1772693511 40.6430978334, -74.1772589895 40.6430993586, -74.1772411225 40.643109508, -74.1772111852 40.6431227783, -74.1771735261 40.6431139635, -74.1771404215 40.6430960194, -74.1771348062 40.6430898676, -74.1771378425 40.6430837808, -74.1771434438 40.6430753054, -74.1771483819 40.6430690743, -74.1771545458 40.6430503115, -74.1771551049 40.6430400276, -74.1771552838 40.6430268464, -74.1771511867 40.6430176503, -74.1771453796 40.6430100481, -74.1771318777 40.6430096222, -74.1771187582 40.6430120909, -74.177098993 40.6430223873, -74.1770933016 40.6430374555, -74.1770874196 40.6430510732, -74.1770759223 40.6430585382, -74.177057763 40.643059201, -74.1770359779 40.6430469722, -74.1769808825 40.6430007225, -74.1769285451 40.6429535312, -74.1768873354 40.6429106055, -74.1768676428 40.6428996801, -74.1768473771 40.6428844087, -74.1768238694 40.6428591457, -74.1768129046 40.6428270671, -74.1768119328 40.6428051958, -74.1768151481 40.6427859297, -74.1768138078 40.6427757901, -74.17680514 40.6427610934, -74.1767931447 40.6427429934, -74.1767817963 40.6427080184, -74.1767728233 40.6426692027, -74.1767673848 40.6426498679, -74.1767718388 40.6426327007, -74.176774198 40.642614231, -74.1767718109 40.642603442, -74.1767696145 40.6425941006, -74.1767611281 40.642566221, -74.176748146 40.6425116208, -74.1767361217 40.6424642602, -74.176726116 40.6424394239, -74.1767159312 40.6424277697, -74.1767048914 40.6424169111, -74.1766955768 40.6424190912, -74.1767010141 40.6424384233, -74.176699318 40.6424546488, -74.1766942886 40.64246747, -74.1766862125 40.6424717482, -74.1766834557 40.6424726908, -74.1764825723 40.64239154, -74.1763907771 40.6423437146, -74.1763688005 40.6423300379, -74.176357866 40.6423272207, -74.1763495068 40.6423366395, -74.1763588353 40.642349092, -74.1763835686 40.6423618261, -74.1765921872 40.6424796929, -74.176652116 40.642511672, -74.1766757137 40.6425303449, -74.1766872375 40.6425521387, -74.1767167435 40.6427898199, -74.1767244251 40.6429713863, -74.1767168532 40.6431102284, -74.1767058829 40.6431725198, -74.1767084884 40.6432140171, -74.1767110928 40.6432555163, -74.1767077908 40.6432813726, -74.1766839054 40.6433622112, -74.1766762511 40.6433740324, -74.1766679552 40.6433868451, -74.176650281 40.6433984421, -74.1766164521 40.6434185946, -74.1765848923 40.6434268693, -74.1765387721 40.6434194334, -74.1765146138 40.6434110452, -74.1764965409 40.643405116, -74.1764732527 40.6434105603, -74.1764338072 40.6434245599, -74.1763712641 40.6434454525, -74.1763366667 40.6434598103, -74.1762882749 40.6434642556, -74.1761039223 40.6434718143, -74.175981832 40.6434636218, -74.1758975778 40.6434510651, -74.1758500273 40.6434400822, -74.1757796474 40.6434162206, -74.1757312283 40.6433914033, -74.1757073509 40.6433778726, -74.1756896492 40.6433602107, -74.1756845066 40.6433503642, -74.1756756484 40.6433342188, -74.1756697399 40.6433185777, -74.1756647879 40.6433101789, -74.1756412039 40.6433061356, -74.1756268457 40.643306506, -74.1756025095 40.6433112988, -74.1755826549 40.6433281832, -74.1755322106 40.6433752143, -74.1755279766 40.6433826986, -74.1755166411 40.6434027444, -74.1754841792 40.6434622949, -74.1754857934 40.6434710041, -74.1754908673 40.6434983595, -74.1755040801 40.643598298, -74.1755034567 40.6436444326, -74.1755040582 40.6436780373, -74.1755064451 40.6436888273, -74.1755198581 40.6436958461, -74.1755395484 40.6437067709, -74.1755719017 40.6437335516, -74.1755845625 40.6437494049, -74.1755864905 40.6437785193, -74.1755651151 40.6437984471, -74.1755553276 40.6438043191, -74.1755323312 40.6438192515, -74.1755192264 40.6438363498, -74.1755021385 40.6438669234, -74.1754840199 40.6439114727, -74.1754769126 40.6439376229, -74.1754777058 40.6439726763, -74.1754765949 40.6440078748, -74.1754803243 40.6440288044, -74.1754915945 40.6440849994, -74.175492551 40.6440922409, -74.1754775454 40.6441094862, -74.175471663 40.6441231056, -74.1754729141 40.6441398345, -74.1754771126 40.6441570703, -74.1754942402 40.6441703863, -74.1755197252 40.6441742854, -74.1755469213 40.6441765879, -74.1755691162 40.6442209722, -74.1756235231 40.6443492069, -74.1757076846 40.6445717247, -74.1757087999 40.6446455251, -74.1756997782 40.6446571907, -74.1756900921 40.6446710996, -74.1756900156 40.6446923205, -74.1756847073 40.644710285, -74.1756694083 40.6447180429, -74.1756517063 40.644700381, -74.1756247759 40.6446783054, -74.1756017406 40.6446493465, -74.1755903183 40.6446355932, -74.1755752852 40.644623578, -74.1755589234 40.6446160548, -74.1755270695 40.6446148409, -74.1754993127 40.6446228223, -74.175466912 40.6446465212, -74.1754424095 40.6446791268, -74.1754052894 40.6447397659, -74.175375095 40.6447874368, -74.1753505318 40.6448558912, -74.1753462839 40.6448891368, -74.1753466044 40.644927883, -74.1753274919 40.6450303021, -74.1752969149 40.6450750767, -74.1752587959 40.6450845848, -74.1752088846 40.6450920722, -74.1751663878 40.6450975256, -74.1751137184 40.6451059554, -74.175041857 40.6451290245, -74.1749533551 40.6451497117, -74.1748962051 40.645146048, -74.174855406 40.6451352777, -74.1747883545 40.6451148171, -74.1747520968 40.6450802887, -74.1747200387 40.645062997, -74.1746801814 40.6450448391, -74.1746445114 40.6450292855, -74.1746087522 40.6450203238, -74.1745862145 40.6450169324, -74.1745513227 40.6450218031, -74.1745492389 40.6450229194, -74.1745226225 40.6450371727, -74.1745018206 40.6450614444, -74.1744825381 40.6450826755, -74.1744651587 40.6451037596, -74.1744595557 40.6451122366, -74.1744475839 40.6451233969, -74.1744320929 40.6451297051, -74.1743946346 40.645136967, -74.1743657292 40.6451362589, -74.1741537395 40.6450800941, -74.1741110253 40.6450548407, -74.1740590828 40.6450251733, -74.1740548406 40.6450218758, -74.1740333926 40.6450051973, -74.1740124515 40.6449775425, -74.1739963695 40.6449648767, -74.1739501339 40.6449347711, -74.1738861955 40.6448870034, -74.1737873412 40.6448148483, -74.1736411254 40.6447331551, -74.1735986926 40.6447027591, -74.1735448379 40.6446586069, -74.1734814741 40.6446151858, -74.1734312436 40.6445839225, -74.1733831947 40.6445473744, -74.1733256259 40.6444969232, -74.1732393164 40.6444179524, -74.1731548195 40.6443454249, -74.1730911776 40.6443071441, -74.1730446595 40.6442821815, -74.1730004278 40.6442599701, -74.1729742182 40.6442414651, -74.1729686516 40.6442375346, -74.1729412388 40.6442045231, -74.1729233339 40.6441707814, -74.1729229255 40.6441386263, -74.1729167996 40.6440922776, -74.1729102141 40.6440642526, -74.1728864133 40.6440295004, -74.1728769828 40.6440090079, -74.1728888368 40.6439751801, -74.1729170546 40.6439488758, -74.1729543051 40.6439255368, -74.1729827884 40.6438794594, -74.1730018554 40.6438275211, -74.1730162494 40.6437620407, -74.1730281807 40.643706992, -74.1730197588 40.6436432622, -74.1730015457 40.6435854051, -74.172973178 40.6435451504, -74.1729480484 40.6435148902, -74.1729211218 40.643492814, -74.1728961416 40.6434736813, -74.1728933413 40.6434715359, -74.1728717473 40.6434607558, -74.1728467356 40.6434531642, -74.1728229719 40.6434623006, -74.172783821 40.6434857874, -74.1727539707 40.6434924663, -74.1727152771 40.6434976268, -74.1726771468 40.6434925043, -74.1726366265 40.6434765917, -74.1725109071 40.6434486265, -74.172507007 40.6434477597, -74.1724478451 40.6434215704, -74.1724339479 40.643403616, -74.172424988 40.6433794315, -74.1724147932 40.6433531471, -74.1724089737 40.6433309139, -74.1724043092 40.6433201561, -74.1724034482 40.6433181699, -74.1723884019 40.6432915263, -74.1723726041 40.643273717, -74.1723616542 40.6432562678, -74.1723701917 40.6432336673, -74.1723981271 40.6432125064, -74.172423408 40.643200325, -74.172459534 40.6431975548, -74.1724791236 40.6432004431, -74.1725080281 40.6432011517, -74.1725268532 40.6431982463, -74.1725452937 40.6431924427, -74.172542244 40.6431838978, -74.1725214171 40.6431789104, -74.1725008701 40.6431687825, -74.1724903037 40.6431542297, -74.1725203313 40.6431343696, -74.172549237 40.64313508, -74.1725558857 40.6431272544, -74.1725534851 40.6431018345, -74.1725708551 40.6430661199, -74.1726103 40.6430521216, -74.1726368192 40.6430420419, -74.172687763 40.6430205781, -74.1727196923 40.6430005737, -74.172734035 40.6429855747, -74.1727317379 40.6429681927, -74.1727289692 40.6429545054, -74.1727214526 40.6429484994, -74.1726911322 40.6429588712, -74.1726444636 40.6429763483, -74.1725900867 40.6429863717, -74.1725719273 40.6429870311, -74.1725625971 40.6429745792, -74.1725599059 40.6429396719, -74.1725524645 40.6429124441, -74.1725390389 40.642890795, -74.172505925 40.6428582207, -74.1724901249 40.6428404132, -74.1724798305 40.6428322654, -74.1724665295 40.6428217394, -74.1724402784 40.6428120486, -74.1723939804 40.6428177922, -74.1723698476 40.6428386637, -74.1723487538 40.6428534485, -74.172326892 40.6428624397, -74.1723121541 40.6428599133, -74.1723025439 40.6428526019, -74.1722810538 40.6428498614, -74.1722268675 40.6428613324, -74.1721484107 40.6428417447, -74.1720978374 40.6428514749, -74.1720525849 40.6428578705, -74.1720323437 40.6428718589, -74.1720071535 40.6428774473, -74.1719853682 40.6428652194, -74.1719633054 40.6428581328, -74.1719551371 40.6428689999, -74.1719296915 40.6429089913, -74.1718808528 40.6429463873, -74.1718725951 40.6429638445, -74.1718554047 40.6429863787, -74.1718404995 40.6430116624, -74.1717938552 40.6430583988, -74.1717503383 40.6430924611, -74.1716583272 40.6431229244, -74.1715720076 40.6431383233, -74.1715107737 40.6431346046, -74.1715081109 40.643134442, -74.1714748161 40.6431150503, -74.1714459871 40.6430931188, -74.1714296157 40.6430709652, -74.1714236931 40.643040694, -74.1714332788 40.6430187449, -74.1714488615 40.643005846, -74.1714673008 40.6430000417, -74.1714829857 40.6429951816, -74.1714911528 40.6429843137, -74.1714726101 40.6429820792, -74.1714537861 40.6429849853, -74.171432195 40.6429742032, -74.1714064041 40.6429461886, -74.1713478693 40.6428738641, -74.1713358731 40.6428557654, -74.1713479333 40.6428380152, -74.1713682756 40.6428320658, -74.1713954571 40.6428197404, -74.1714405831 40.6427760448, -74.1715033061 40.6427419746, -74.1716459421 40.6426513001, -74.1717694869 40.6425833046, -74.1718195756 40.6425626385, -74.1718423806 40.6425462591, -74.1718583453 40.6425362566, -74.1718604259 40.6425229285, -74.1718325672 40.6425228711, -74.1717898812 40.6425268755, -74.1717607841 40.6425247172, -74.1717501273 40.6425167563, -74.171754492 40.6425061795, -74.1717959174 40.6424708145, -74.1718233682 40.6424387168, -74.1718462485 40.6424011174, -74.1718492724 40.6423804027, -74.1718401248 40.6423547687, -74.1718225138 40.6423305152, -74.1718027199 40.642311551, -74.1717829401 40.6423072139, -74.1717555555 40.6423034609, -74.1717343455 40.6422955788, -74.1717231161 40.642283272, -74.1717281301 40.6422558203, -74.1717583376 40.6422227783, -74.1717702965 40.6421969902, -74.1717645795 40.6421827976, -74.1717462158 40.6421673793, -74.1717187278 40.6421555884, -74.171696089 40.6421441559, -74.1716821666 40.6420969435, -74.1716712821 40.6420436436, -74.1716799986 40.642007861, -74.1716942414 40.6419848224, -74.1717122855 40.6419614936, -74.1717218697 40.6419395445, -74.1717113037 40.6419249916, -74.1716975975 40.6419084848, -74.1716648783 40.6418934374, -74.1716279723 40.6418757846, -74.1716044797 40.6418651503, -74.1715913614 40.6418676193, -74.1715798613 40.6418750838, -74.1715618951 40.6418771926, -74.1715506646 40.6418648857, -74.1715394225 40.6418379499, -74.171526662 40.6418140556, -74.1715085796 40.6417934958, -74.1714949641 40.6417703998, -74.1714885711 40.6417438224, -74.1714833247 40.641725936, -74.17147879 40.6417025103, -74.1714835298 40.6416875159, -74.1714875065 40.6416667277, -74.1714850686 40.6416519169, -74.1714787215 40.6416220453, -74.1714680092 40.6415482493, -74.1714650684 40.6415005603, -74.1714538711 40.6414703276, -74.1714522882 40.6414547213, -74.1714630215 40.6414414613, -74.1714762292 40.6414324022, -74.1714831647 40.6414267501, -74.1714911411 40.6414144344, -74.1714937829 40.6413908215, -74.171496373 40.6413631897, -74.1714952194 40.6413471865, -74.1714905493 40.6413336433, -74.1714866377 40.6413185807, -74.1714846222 40.641296059, -74.1714849353 40.6412729909, -74.1714932811 40.6412489417, -74.1715070441 40.6412222829, -74.1715157343 40.6412117411, -74.1715222946 40.6412105057, -74.1715405947 40.6412072734, -74.1715605531 40.6411984276, -74.1715768985 40.6411913233, -74.1715896746 40.641175347, -74.1715927996 40.6411626702, -74.1716021026 40.6411458634, -74.1716061756 40.6411257992, -74.171599552 40.6411083849, -74.1715900834 40.6410985032, -74.1715811382 40.6410889485, -74.1715732843 40.6410767474, -74.1715742724 40.6410660649, -74.1715802448 40.6410458564, -74.1715872191 40.6410295934, -74.1715971913 40.6410178555, -74.1716007079 40.641015391, -74.1716248617 40.6410138889, -74.1716511916 40.641012252, -74.1717056693 40.6410102688, -74.1717507347 40.6410097386, -74.1717824915 40.6410102306, -74.1718370645 40.6410089712, -74.1719130764 40.6410064361, -74.1719707813 40.6409998165, -74.1720042928 40.6409954178, -74.1720231585 40.6409892156, -74.1720543297 40.6409707308, -74.1720897735 40.6409482621, -74.1722577932 40.6408607618, -74.1722957573 40.6408391951, -74.1723321536 40.6408166528, -74.1723652734 40.6408020426, -74.1723921693 40.6407875435, -74.1724160191 40.6407718153, -74.1724312176 40.640756019, -74.172440711 40.6407406608, -74.1724475898 40.6407236739, -74.1724607913 40.6407072989, -74.1724794616 40.640692333, -74.1725100621 40.6406768198, -74.1725452305 40.6406668073, -74.1726175738 40.6406546759, -74.1726525587 40.6406505305, -74.1727040371 40.6406440217, -74.1727523318 40.6406388558, -74.1727962478 40.6406296342, -74.1728432969 40.6406150534, -74.1729038439 40.6405935849, -74.1729389615 40.6405795525, -74.1729666158 40.640563532, -74.1729879885 40.6405436047, -74.1729992387 40.6405233567, -74.173003884 40.6405076383, -74.1729992643 40.640498116, -74.1729905111 40.6404911222, -74.1729879879 40.6404891052, -74.1729799058 40.6404860673, -74.1729675452 40.6404870161, -74.1729591881 40.6404964346, -74.1729412319 40.6405131744, -74.1729191441 40.640531327, -74.1728895 40.6405540836, -74.1728534885 40.6405795243, -74.1728251192 40.640593769, -74.1727994137 40.6406063492, -74.1727561139 40.640616618, -74.1727136655 40.6406187764, -74.1726278209 40.6406304797, -74.1725570477 40.6406435894, -74.1725012508 40.6406573782, -74.1724611417 40.6406736207, -74.1724373884 40.6406900737, -74.1723726427 40.6407488072, -74.1723079886 40.6408009497, -74.1722154329 40.640856328, -74.1721097577 40.6409141754, -74.1720620049 40.6409416136, -74.1720244617 40.6409554658, -74.1719924768 40.6409641361, -74.171965716 40.6409687481, -74.1719367665 40.6409713335, -74.1718997844 40.6409749008, -74.1718640865 40.640977273, -74.1718171699 40.6409819673, -74.171776289 40.6409851028, -74.1717354586 40.6409922581, -74.1716934886 40.6409980345, -74.1716577378 40.6409963877, -74.1716231714 40.6409946482, -74.1716010726 40.6409963435, -74.1715849613 40.6410016014, -74.1715699472 40.6410115322, -74.1715590753 40.6410273607, -74.1715539568 40.6410467736, -74.1715474163 40.6410699537, -74.1715491449 40.6410903029, -74.1715663402 40.6411295859, -74.171565452 40.6411483081, -74.1715588564 40.6411601535, -74.1715466943 40.6411698639, -74.1715293445 40.6411730218, -74.171511709 40.6411740099, -74.1714973089 40.6411776731, -74.171493269 40.6411798124, -74.1714799202 40.6411914436, -74.1714558853 40.6412130379, -74.1714420386 40.6412536018, -74.1714385974 40.6413438453, -74.1714396569 40.6413591265, -74.1714310171 40.6413736891, -74.1714086451 40.6413969837, -74.1713974414 40.6414139365, -74.1713865182 40.6414227365, -74.1713861468 40.6414797237, -74.1714017621 40.6414994606, -74.1713905403 40.6417625057, -74.1713738237 40.642085015, -74.1713274016 40.6420850841, -74.1711541247 40.6423991761, -74.1711773461 40.6424035613, -74.171050173 40.6425938188, -74.170992087 40.6425718046, -74.1712752442 40.642111683, -74.1712113009 40.6420675762, -74.1711926096 40.6417396266, -74.1702863541 40.641775308, -74.1700787861 40.6420861605, -74.1691529554 40.6418728601, -74.1690643163 40.6421300168, -74.1684023259 40.6419912419, -74.1682434355 40.6419413506, -74.1682342139 40.641924274, -74.1682040288 40.6418683734, -74.1681254751 40.6418253317, -74.168016804 40.6418376665, -74.1677409409 40.6417277744, -74.1675760705 40.6418447933, -74.1667738505 40.641581638, -74.1667169374 40.6414788091, -74.1665337577 40.6414226381, -74.1664797189 40.6414348715, -74.1662159998 40.6424241005, -74.1660998986 40.6424065874, -74.1663188724 40.6414366748, -74.1661160863 40.6413708436, -74.1660453494 40.6413005134, -74.165910142 40.6412575511, -74.1658011081 40.6412245116, -74.1656340981 40.6412143711, -74.1654431011 40.6422805465, -74.1649413909 40.6422089996, -74.1651904179 40.6406423056, -74.1648110928 40.6404337149, -74.164734265 40.6403914672, -74.1645713241 40.6414186616, -74.164414597 40.6413967844, -74.1645965656 40.640315746, -74.1643160372 40.6401047844, -74.1641688677 40.6399941099, -74.1640017905 40.64106586, -74.1638624936 40.6410527975, -74.1640473154 40.6399466585, -74.1639965643 40.6399297984, -74.1639449141 40.6399146064, -74.1638497662 40.6398915095, -74.1637525634 40.6398740698, -74.1636538853 40.639862391, -74.1635543183 40.6398565433, -74.1634544572 40.6398565601, -74.1632457792 40.640957419, -74.1628714809 40.6409374836, -74.1628579939 40.6410281941, -74.1628050273 40.6410381883, -74.1627521287 40.6410246617, -74.1626464139 40.6409673626, -74.1625097636 40.6409301761, -74.1624347711 40.6409300543, -74.1620690188 40.6407883224, -74.1620691887 40.6407278351, -74.1616753473 40.6406107852, -74.1622846521 40.6387656528, -74.1620256405 40.6386993147, -74.1618185655 40.6386462784, -74.1614491787 40.6394283365, -74.1613022183 40.6393937341, -74.1616601072 40.6386649934, -74.1612401586 40.638595012, -74.1611578958 40.6386940621, -74.1609049074 40.639386141, -74.1607365481 40.6393510148, -74.1610642802 40.6386812401, -74.1610816177 40.6385677683, -74.1608919897 40.6385411893, -74.1608112681 40.638632959, -74.1607622192 40.63862369, -74.160750603 40.6385184004, -74.1604218698 40.6384654127, -74.1603481995 40.6384437264, -74.1599489966 40.6399401364, -74.159864105 40.6399278236, -74.1602069197 40.6386095749, -74.1602347048 40.6384103168, -74.1602246642 40.638339061, -74.1601651509 40.6385649889, -74.1601272551 40.6386082298, -74.1601109239 40.638642194, -74.160098371 40.6386698466, -74.1600575408 40.6387223525, -74.160026154 40.6387336734, -74.1599928108 40.6387410671, -74.1599583524 40.6387443461, -74.1599236463 40.638743429, -74.1598895686 40.6387383381, -74.1598569778 40.6387292026, -74.1597817531 40.6386493328, -74.1597301051 40.6385784445, -74.1597373295 40.6385242808, -74.1597199999 40.6384533448, -74.1596709436 40.6384403418, -74.1596414651 40.6384142398, -74.1596314941 40.6383451621, -74.1596311814 40.6382144457, -74.1595771243 40.637992583, -74.1595025798 40.6379564477, -74.1594570476 40.6379329794, -74.1594477033 40.6379281629, -74.1594197309 40.6379069323, -74.1593195406 40.6378104057, -74.1592271159 40.63779612, -74.1591641577 40.6378482014, -74.1591610765 40.6378568713, -74.1591446082 40.637889981, -74.1591271123 40.637925456, -74.1591106294 40.6379514769, -74.159096211 40.637976706, -74.1590869512 40.6379964132, -74.1590766445 40.6380113959, -74.1590562237 40.6380393105, -74.1590152127 40.6382686181, -74.1589894134 40.6385789424, -74.1590253288 40.6385838663, -74.1590095783 40.6388225781, -74.158895323 40.6388152771, -74.1589329921 40.6382640175, -74.1586457996 40.6382490089, -74.158634725 40.6381284787, -74.1581527715 40.638109966, -74.1581488391 40.6379675119, -74.1578926291 40.6379650516, -74.157841223 40.6388739145, -74.1577335261 40.638879035, -74.1577736597 40.6379571607, -74.1571878281 40.6379508056, -74.1571012671 40.6392777187, -74.1569772325 40.6392754009, -74.1570707732 40.6379471357, -74.1563684863 40.6379058476, -74.1563655287 40.6379507426, -74.1561027649 40.6379395909, -74.1561148827 40.6375307473, -74.1556986209 40.637517939, -74.1556851578 40.637787482, -74.1556182936 40.6384702199, -74.1554926893 40.6384667796, -74.1555527121 40.6377843302, -74.1555891195 40.6377856228, -74.1555864371 40.6377307757, -74.1548293252 40.637723855, -74.1547593367 40.6391963275, -74.1546926384 40.6391939678, -74.1547782903 40.6377215455, -74.154646698 40.6374443686, -74.1545967019 40.6373433443, -74.1545491991 40.6372964722, -74.1544542576 40.6372298073, -74.1543830824 40.6371937983, -74.154252701 40.6371723113, -74.1541579184 40.6371742439, -74.1540299726 40.6371816357, -74.1538807213 40.6371980828, -74.1537646403 40.6372126797, -74.153629653 40.6372489638, -74.1535112237 40.6372725895, -74.1534140654 40.6372727192, -74.1532759232 40.637267005, -74.1531366606 40.6372062973, -74.1530299676 40.6371811672, -74.1529659297 40.6371559784, -74.1529208674 40.6371397911, -74.1528805838 40.6371398447, -74.152822796 40.6371349408, -74.1527970353 40.6371327552, -74.152700607 40.6371924356, -74.1526960385 40.6372664545, -74.1527127775 40.6373332248, -74.1527247396 40.6373819504, -74.1527247454 40.6373844953, -74.1527250701 40.6375263664, -74.1527251693 40.6375696903, -74.1526970051 40.6376418414, -74.1524287618 40.6376633415, -74.1522180684 40.6376925813, -74.1522978612 40.6382742882, -74.1521367586 40.6382907477, -74.1520518101 40.6377050663, -74.1520463925 40.6376672156, -74.1511954504 40.6377307887, -74.1512628063 40.6384870569, -74.1513951756 40.6393965132, -74.1512482796 40.6394093426, -74.1511296504 40.6385006803, -74.1505563879 40.6385593303, -74.1504403557 40.6384301756, -74.1504388646 40.6384273518, -74.1504117976 40.6383760566, -74.1503927533 40.6383381723, -74.1503085589 40.6382810166, -74.150113805 40.6382672859, -74.1499678212 40.6381500756, -74.1497938618 40.6378927806, -74.1496788988 40.6375176746, -74.149509081 40.6374351287, -74.1494940507 40.6374246923, -74.1494769198 40.6374163424, -74.1494581817 40.6374103207, -74.1494383771 40.6374068002, -74.149418077 40.637405881, -74.1493978644 40.6374075913, -74.149378322 40.6374118815, -74.1493600144 40.6374186268, -74.1493123555 40.6375259577, -74.1494519409 40.6378851568, -74.1494188168 40.6382916406, -74.1493170174 40.6383901204, -74.1493005256 40.6384334659, -74.1492912037 40.6385038806, -74.1492912076 40.6385056276, -74.1492913006 40.6385472063, -74.1492818749 40.6385706861, -74.1492440643 40.6386176703, -74.1491941818 40.6386683316, -74.1488817559 40.6387052076, -74.1485581511 40.6374378371, -74.1485281668 40.6374452133, -74.1485160251 40.6375470733, -74.1487779205 40.6388762508, -74.1476123722 40.6390370377, -74.1474993974 40.638909598, -74.1460217311 40.6390945497, -74.1460573365 40.6392292573, -74.1451927951 40.6393784976, -74.1448420457 40.6393538145, -74.1446713325 40.6393042676, -74.1445908526 40.6392012854, -74.1443392309 40.6390960255, -74.1442614357 40.6390392265, -74.1442282267 40.6390248265, -74.1441618162 40.6389978329, -74.1440930239 40.6389654248, -74.1440502704 40.6389203488, -74.1440241615 40.6389005233, -74.1439530265 40.6388807559, -74.1438867856 40.6388846092, -74.1438616358 40.6388879627, -74.1438374581 40.638894212, -74.143814823 40.6389032095, -74.1437942646 40.6389147438, -74.1437762703 40.6389285407, -74.1437612627 40.6389442762, -74.1437495992 40.6389615781, -74.1438419254 40.6390883549, -74.1438173454 40.6392074793, -74.1437428706 40.6392294227, -74.1436836355 40.6392331078, -74.1436457184 40.6392331552, -74.143614908 40.6392313872, -74.1435730858 40.6392267855, -74.1434883377 40.6393255523, -74.143424768 40.6394663378, -74.1434547959 40.6394774578, -74.1433610297 40.6397098449, -74.143262844 40.6397142573, -74.1431767668 40.639692146, -74.143128024 40.639680373, -74.1430773072 40.6396675866, -74.1429372877 40.6396323162, -74.1429224483 40.6395969983, -74.142859747 40.6395693042, -74.1427873012 40.639562009, -74.1426832096 40.6395442989, -74.1425776932 40.6395341377, -74.1425397074 40.6395375257, -74.1424754914 40.639569889, -74.1423879519 40.6396412105, -74.1423588136 40.6396702082, -74.142322441 40.6397482553, -74.1423196965 40.6397922671, -74.1423855828 40.6400550103, -74.1424046387 40.6401982513, -74.1423806147 40.6402524563, -74.14229767 40.6403058067, -74.1421542001 40.6403432477, -74.1420986416 40.6403280516, -74.1420543149 40.6402967593, -74.1415562292 40.6403667685, -74.1414804734 40.6400921942, -74.1412862406 40.6401452755, -74.1411922185 40.6403886754, -74.1410243054 40.6405066685, -74.1407625362 40.6405893967, -74.1402889232 40.6406670239, -74.1399378533 40.6407337389, -74.1392974571 40.6408058376, -74.139257448 40.6407357275, -74.1392038238 40.6407459683, -74.1391832803 40.6408548921, -74.1387924912 40.6408904495, -74.1375757486 40.6410011528, -74.1375264482 40.6410136542, -74.1374801405 40.6410316083, -74.1374378579 40.6410546149, -74.1374005426 40.6410821596, -74.1373690279 40.6411136298, -74.1373440148 40.6411483225, -74.137370017 40.6412954634, -74.1357074213 40.6416213102, -74.1357095902 40.6416455235, -74.1349989234 40.6417853605, -74.1349965527 40.6417606224, -74.1343526953 40.6418867972, -74.1343028124 40.6417537947, -74.1334971975 40.6417169011, -74.1334674006 40.6415957897, -74.1334153925 40.6415471166, -74.1333157724 40.6415039064, -74.1332279965 40.6414570739, -74.1331450274 40.641444533, -74.1329917241 40.6414169366, -74.1328890309 40.6414177505, -74.1328250504 40.64141963, -74.132742164 40.6414486081, -74.1326616657 40.6414866119, -74.1325622231 40.6415318561, -74.1325150403 40.6415892268, -74.1324204319 40.6416234213, -74.1324028362 40.6417043892, -74.1317279491 40.6416412806, -74.1313446797 40.641605437, -74.1312558123 40.6415968305, -74.1314619981 40.6413101037, -74.1310808391 40.6410265609, -74.1307384509 40.6409383117, -74.1301836996 40.6407238259, -74.1301278291 40.6407947068, -74.129677852 40.6413853129, -74.129490576 40.6413548351, -74.1299774031 40.640729873, -74.1298775078 40.6406868185, -74.1299208859 40.6406289832, -74.1293071317 40.6403374114, -74.1292297721 40.6404843722, -74.1289330124 40.6404139299, -74.1289177925 40.6404980059, -74.1289949635 40.641189313, -74.1289072899 40.6411948279, -74.1288276704 40.6404019224, -74.128812019 40.6402269771, -74.1281321497 40.6402499994, -74.1281090052 40.6401396746, -74.1278348599 40.6401534505, -74.1275267721 40.6401553046, -74.1273956855 40.6399747219, -74.1273911933 40.6398297991, -74.1273477034 40.6398014863, -74.1272448187 40.6397668906, -74.1271477456 40.6393110568, -74.1270273597 40.6393190793, -74.1270612002 40.6395154885, -74.1270762598 40.6395770872, -74.1270985557 40.6396270414, -74.1271025957 40.6396813734, -74.127101629 40.6397200058, -74.1271045665 40.6397664622, -74.12712443 40.6398631839, -74.1270977629 40.6399798118, -74.1270875403 40.6400428495, -74.1270815602 40.6401610295, -74.1270536223 40.6402417379, -74.1265152928 40.6403717532, -74.1264482395 40.6403779946, -74.1263961028 40.6403780519, -74.126346334 40.640376302, -74.1262752004 40.6403547172, -74.1262230341 40.6403385282, -74.1261922054 40.6403277306, -74.1261494996 40.6403006988, -74.1260698281 40.6402544734, -74.1261999632 40.6412643145, -74.1263418049 40.6412527842, -74.1263680865 40.6413323802, -74.1256402683 40.641418492, -74.1256326583 40.6413417184, -74.1261327661 40.6412643882, -74.1259954241 40.6402312423, -74.1259302666 40.640210898, -74.1258081254 40.6401798476, -74.1256981161 40.640155933, -74.1255783356 40.6401473289, -74.1254624983 40.6401548405, -74.1253309399 40.6401820247, -74.1252049135 40.6401932987, -74.1248776986 40.6402402501, -74.1246972889 40.6402393508, -74.1246151268 40.6402223778, -74.1245292326 40.6402054078, -74.1244806591 40.6401827105, -74.1243835706 40.6401685955, -74.1242587291 40.6401470874, -74.1241557839 40.6401347165, -74.1241072847 40.6401518319, -74.1240289524 40.6401860425, -74.1239506358 40.6402287827, -74.123842452 40.640271556, -74.1237491799 40.6403029377, -74.1236372597 40.640342871, -74.1235775932 40.6403770612, -74.1235440465 40.6404055348, -74.1235403975 40.6404510392, -74.1235479366 40.6404908431, -74.1235143975 40.6405221614, -74.1234072704 40.640588958, -74.1231834388 40.6406731895, -74.1228563057 40.6408205087, -74.12277977 40.6407705495, -74.1226517406 40.640626766, -74.1226036357 40.640597074, -74.1225728052 40.6406223404, -74.1227447642 40.6408434749, -74.1227968834 40.6409005203, -74.1228795963 40.6409563677, -74.1229072485 40.6410192664, -74.1229058175 40.6410728731, -74.122856984 40.6411381842, -74.1228662546 40.6411882836, -74.1228586832 40.6412302433, -74.1228267296 40.6412915947, -74.1228256545 40.6412938751, -74.1228239762 40.6412947378, -74.1227944516 40.641331506, -74.1227815316 40.6413392291, -74.1227618543 40.6413418211, -74.1227211449 40.6413476234, -74.1227256092 40.6413748593, -74.1227457041 40.6413730711, -74.1227620352 40.6414266354, -74.1227110313 40.6414337553, -74.122695468 40.6413772455, -74.122703196 40.6413766492, -74.1226955595 40.6413530268, -74.1219585002 40.6414469831, -74.1219412973 40.641441908, -74.1219020585 40.641401202, -74.1218414697 40.6414058949, -74.1218439071 40.6414652959, -74.1218656179 40.6415559498, -74.1219483095 40.64154644, -74.1219428267 40.6415064087, -74.1219814636 40.6415010664, -74.1219908381 40.6415546392, -74.1218718277 40.6415700742, -74.1218741622 40.641578316, -74.1218532963 40.641580692, -74.1218455079 40.6415489056, -74.1218339185 40.6415518608, -74.1218066104 40.6414121589, -74.1217576474 40.6414234249, -74.121787549 40.6415566215, -74.1217713219 40.6415595824, -74.1217791123 40.6415925467, -74.1217644292 40.6415949189, -74.1217597786 40.6415878575, -74.1215588657 40.6416216324, -74.1215534366 40.6416116279, -74.1217605259 40.6415743147, -74.1217237532 40.6414286649, -74.1214475335 40.6415027383, -74.1213869068 40.6414853322, -74.1213261717 40.6416065693, -74.1213052908 40.6416007028, -74.1213733299 40.6414764755, -74.1213119478 40.6414525316, -74.1212403351 40.6415866395, -74.121234921 40.6415848793, -74.1211948893 40.6416750103, -74.1211724633 40.6416691454, -74.121280748 40.6414324964, -74.1212147022 40.6413968397, -74.1211012477 40.641613282, -74.1210772742 40.6416074205, -74.1211803947 40.6413834455, -74.1207131756 40.6410457821, -74.1206463455 40.6410440953, -74.1205742906 40.6410563288, -74.1205281183 40.6410627826, -74.1201678371 40.6411389959, -74.1199348011 40.6411976046, -74.1199711119 40.6413148143, -74.1196071672 40.6413803091, -74.1196256559 40.6414426283, -74.1199569985 40.6422094534, -74.1198544394 40.6422356142, -74.1195298607 40.6414699146, -74.1194656135 40.641478874, -74.1194498822 40.6414346487, -74.1194263133 40.6414235247, -74.119323026 40.6414391983, -74.1190972046 40.6414734667, -74.1194808721 40.642355102, -74.1194002957 40.6423793781, -74.1190034821 40.6414646143, -74.1186163523 40.641530365, -74.118604862 40.6415632512, -74.1186883414 40.6417976431, -74.1186517159 40.6418088465, -74.118875059 40.642387366, -74.1188994836 40.6423836189, -74.1189607738 40.6425045159, -74.118836246 40.642541864, -74.1186447967 40.6420396089, -74.1185836464 40.6419968712, -74.1184211761 40.6415760496, -74.1184018504 40.6415298008, -74.1181553653 40.6415936841, -74.118208316 40.6417502354, -74.1180076704 40.6418054974, -74.1181563575 40.6421312984, -74.1180489118 40.6421574608, -74.1179172869 40.641825877, -74.1178553481 40.6418375797, -74.117801503 40.6418094693, -74.1177347839 40.641796699, -74.1176284166 40.641621583, -74.1174568956 40.6416448017, -74.1174030341 40.6416333399, -74.1173492645 40.641620367, -74.1173028277 40.6416092498, -74.1172881449 40.6415943774, -74.1171709332 40.6416242707, -74.1171123573 40.6416559674, -74.1171340618 40.6416961643, -74.1172212228 40.6418709653, -74.1175070253 40.6424204081, -74.1174191251 40.6424484122, -74.1171370643 40.6418980648, -74.1167218763 40.6420317557, -74.1167370344 40.6420594853, -74.1168839603 40.6423670759, -74.1170334814 40.6426497859, -74.1172247013 40.6430273597, -74.1171490049 40.6430497689, -74.1170558074 40.6428433, -74.1169577539 40.6426535848, -74.1168425818 40.6424545818, -74.1167396727 40.64228162, -74.1166660769 40.6421067662, -74.1166099199 40.6421254323, -74.1165997592 40.6421099825, -74.1163000012 40.6422026649, -74.1163316692 40.642270867, -74.1163048142 40.6422801984, -74.1167534285 40.6431618265, -74.1166704142 40.643189825, -74.1162462966 40.6423472517, -74.1162194383 40.6423547234, -74.1161572279 40.6422449022, -74.1161420865 40.6422164539, -74.1159969326 40.6422622936, -74.1157191706 40.6423518194, -74.1162269195 40.6433071057, -74.1161484305 40.6433311127, -74.1156482348 40.6423746829, -74.1153508217 40.6424705402, -74.1151171472 40.6427849925, -74.1148073501 40.6429769677, -74.1147807644 40.642957616, -74.114295387 40.6432791471, -74.113796661 40.6436095162, -74.1140405312 40.6440425025, -74.1139509409 40.644136592, -74.1128880648 40.6445324448, -74.112851031 40.6444735116, -74.1138570928 40.6440760116, -74.1138707837 40.6440445915, -74.1136537101 40.643687556, -74.1134340375 40.6438212514, -74.113330232 40.643723498, -74.1123037088 40.6443188007, -74.111807991 40.6446106745, -74.1119033374 40.6447060268, -74.1111612945 40.6450964234, -74.1111163365 40.6450469023, -74.1117664665 40.6447061599, -74.1117252994 40.6446593621, -74.1116763511 40.644688183, -74.1114957114 40.6447781644, -74.1109228184 40.6450816033, -74.1097393256 40.6454637284, -74.1095380859 40.6454958329, -74.1088648991 40.6455791289, -74.1086955377 40.6455747235, -74.108236205 40.6455627737, -74.1077967416 40.6455619842, -74.1068034269 40.645560196, -74.1047222155 40.645563657, -74.1046457778 40.6456304695, -74.1043961358 40.6456699409, -74.1043405873 40.645721166, -74.1041235636 40.6457404321, -74.1040550909 40.6456661644, -74.104022372 40.6456380519, -74.1039864477 40.6456227026, -74.1039146327 40.6456142225, -74.1038360955 40.6456125851, -74.1037642885 40.6456092316, -74.1037283988 40.6456160998, -74.103699261 40.6456366354, -74.1036504882 40.6456548131, -74.1030729669 40.6456381494, -74.1023167929 40.6455426006, -74.1016826446 40.6454067327, -74.1016785524 40.6454157604, -74.1016648035 40.6454153835, -74.1016294173 40.6454889593, -74.1017082678 40.6455186319, -74.1016990664 40.6455364856, -74.1016251901 40.6455095128, -74.1016182892 40.6455265387, -74.1015783403 40.6455144215, -74.1016442031 40.6454078302, -74.1016378285 40.645405598, -74.1016426643 40.6453965489, -74.1006054203 40.645132333, -74.1001321918 40.6450640509, -74.0997111293 40.6450557105, -74.0988006686 40.6450470346, -74.0984998158 40.6453703618, -74.0960455524 40.6453727475, -74.0946850094 40.6455557174, -74.0936265697 40.6458386588, -74.0930396022 40.6459619983, -74.0929882823 40.6459727812, -74.0930050728 40.6460763146, -74.0913569796 40.6467007241, -74.0909602414 40.6468189434, -74.0899233409 40.6471761327, -74.0893975252 40.6473103596, -74.0884552171 40.6478434701, -74.0883604353 40.6479079057, -74.0882744438 40.6479206502, -74.0882411253 40.6479016568, -74.0879380419 40.6480800934, -74.087674427 40.6482352936, -74.0863446762 40.648699609, -74.0857075432 40.648880553, -74.0852269843 40.6489255515, -74.0848440324 40.6488911476, -74.0848297396 40.6488866574, -74.0847607485 40.6488747854, -74.0846939479 40.64885708, -74.0846301836 40.6488337675, -74.0845702645 40.6488051427, -74.0844681781 40.6487539017, -74.0843617974 40.6487080074, -74.0842516039 40.6486676675, -74.0841380978 40.6486330645, -74.0840217936 40.6486043545, -74.0839032165 40.6485816688, -74.0825658584 40.6483158195, -74.0822127287 40.6482801625)))']",multi-polygon
the_geom,"['MULTILINESTRING ((-73.97907686452608 40.740393750170476, -73.97861648193141 40.74102185852045))', 'MULTILINESTRING ((-73.97861648193141 40.74102185852045, -73.9781681528791 40.74164251286421))', 'MULTILINESTRING ((-73.9781681528791 40.74164251286421, -73.97767445602192 40.74225752215228))']",multi-line
BoroughName,['Manhattan'],borough
Site Address,"['280 Broadway Floor 1', '22 Reade St Floor 1', '42 Broadway Floor 1']",address
Borough,"['Manhattan', 'Queens', 'Bronx']",borough
Postcode,"['10007', '10004', '11373']",zip5
Latitude,"['40.714417', '40.714231', '40.70627']",latitude
Longitude,"['-74.006089', '-74.004895', '-74.012909']",longitude
Council District,"['1', '21', '8']",borough_code
BIN,"['1079215', '1078613', '1000812']",bin
BROOKLYN CONDOMINIUM PROPERTY Address,"['1 MAIN STREET', '31 WASHINGTON STREET', '50 BRIDGE STREET']",address
Borough,['3'],borough_code
Postcode,"['11201', '11221', '11217']",zip5
Latitude,"['40.703809', '40.703504', '40.703188']",latitude
Longitude,"['-73.990652', '-73.989552', '-73.984665']",longitude
Council District,"['33', '36', '39']",borough_code
BIN,"['3346104', '3388012', '3395987']",bin
BROOKLYN CONDOMINIUM PROPERTY Neighborhood,"['DOWNTOWN-FULTON FERRY', 'BEDFORD STUYVESANT', 'DOWNTOWN-FULTON MALL']",borough
BROOKLYN CONDOMINIUM PROPERTY Full Market Value,"['21500004', '3370001', '3739997']",address
BROOKLYN CONDOMINIUM PROPERTY Market Value per SqFt,"['94', '137', '71']",address
COMPARABLE RENTAL 1 Address,"['205 STATE STREET', '65 WASHINGTON STREET', '16 WATER STREET']",address
COMPARABLE RENTAL 1  Neighborhood,"['DOWNTOWN-FULTON MALL', 'DOWNTOWN-FULTON FERRY', 'BEDFORD STUYVESANT']",address
COMPARABLE RENTAL 1 Full Market Value,"['25500000', '9090000', '5470000']",address
COMPARABLE RENTAL 2  Address,"['80 CRANBERRY STREET', '89 HICKS STREET', '254 WATER STREET']",address
COMPARABLE RENTAL 2  Neighborhood,"['BROOKLYN HEIGHTS', 'DOWNTOWN-FULTON FERRY', 'DOWNTOWN-FULTON MALL']",address
Borough,"['Manhattan', 'Brooklyn', 'Queens']",borough
BusinessAddress,"['45  West 27th st', '3517 BROADWAY', '150   8th Ave']",address
Postcode,"['10001', '10031', '10011']",zip5
Latitude,"['40.744876', '40.825863', '40.741906']",latitude
Longitude,"['-73.989657', '-73.950874', '-74.000945']",longitude
BIN,"['1015677', '1062369', '1013845']",bin
the_geom,"['POINT (-73.87586383165385 40.77816708075414)', 'POINT (-73.7712935119941 40.640120620653406)']",point
Address,"['45-02 Ditmars Blvd., Ste. 125', '43-22 50th St.', '82-11 37th Ave., Ste. 606']",address
City,"['Astoria', 'Woodside', 'Jackson Heights']",city
Postcode,"['11105', '11377', '11372']",zip5
Borough,['QUEENS'],borough
Latitude,"['40.770738', '40.744161', '40.749775']",latitude
Longitude,"['-73.903082', '-73.914709', '-73.884103']",longitude
Council District,"['22', '26', '25']",borough_code
BIN,"['4014554', '4001290', '4035816']",bin
the_geom,"['POINT (-74.21589632195371 40.54910471095762)', 'POINT (-74.14989010533327 40.63085296395724)', 'POINT (-74.03739564973613 40.63155182851029)']",point
bin,"['5117231', '5093502', '3149620']",bin
borough,"['5', '3', '4']",borough_code
address,"['36 WALKER DRIVE', '9 78 STREET', '2115 EAST 17 STREET']",address
latitude,"['40.549105', '40.630853', '40.631601']",latitude
longitude,"['-74.215896', '-74.14989', '-74.037379']",longitude
BoroCD,"['503', '501', '310']",borough_code
BoroCT2020,"['5020805', '5023900', '3004400']",bin
Location,"['1 HONEYWELL ST', '109 E 16 ST', '132-140 W 125TH ST']",address
Borough,"['Queens', 'Manhattan', 'Bronx']",borough
Postcode,"['10003', '10027', '10452']",zip5
Latitude,"['40.735681', '40.808451', '40.839604']",latitude
Longitude,"['-73.988713', '-73.947112', '-73.918421']",longitude
Council District,"['2', '9', '16']",borough_code
BIN,"['1017821', '1057820', '2008289']",bin
BIN,"['0', '1000003', '1000005']",bin
COUNCIL DISTRICT,['1'],borough_code
LATITUDE,"['40.701047', '40.702091', '40.712264']",latitude
LONGITUDE,"['-74.011672', '-74.012045', '-73.990214']",longitude
POSTCODE,"['10004', '10002']",zip5
BOROUGH,['MN'],borough_code
Street,"['UNION TNPK', 'HUNTERS POINT AVE', '176 STREET STATION']",address
BOROUGH,"['Brooklyn', 'Bronx', 'Manhattan']",borough
STREET,"['LENOX ROAD', 'EAST NEW YORK AVENUE', 'GRAND AVENUE']",address
Postcode,"['11226', '11212', '10453']",zip5
Latitude,"['40.653949', '40.672676', '40.855688']",latitude
Longitude,"['-73.953422', '-73.909933', '-73.907845']",longitude
Council District,"['40', '41', '14']",borough_code
BIN,"['3389798', '3391263', '2014166']",bin
ADDRESS,"['1651 MADISON AVENUE', '1904 SURF AVENUE', '89 HOPKINSON AVENUE']",address
BOROUGH,"['B', 'Q', 'R']",borough_code
LOCATION,"['8 Ave. bet. 65 St. and 66 St.', '14 Ave. bet. 121 St. and College Point Blvd.', 'Little Clove Rd. bet. Windsor Rd. and Victory Blvd.']",address
ZIPCODE,"['11220', '11356', '10314']",zip5
multipolygon,"['MULTIPOLYGON (((-74.01276037951446 40.63259498089538, -74.01377411188437 40.633206829778885, -74.0142299362616 40.632766668011584, -74.01321664484205 40.63215439982337, -74.01276037951446 40.63259498089538)))', 'MULTIPOLYGON (((-73.84620812420202 40.785360617276496, -73.84624231139789 40.785906786188214, -73.84676193578002 40.78588780589889, -73.8467272059813 40.78534030187887, -73.84620812420202 40.785360617276496)))', 'MULTIPOLYGON (((-74.11414704137226 40.61253196802648, -74.11412505858624 40.61255948368892, -74.11408857640194 40.61260617864638, -74.11407107512493 40.612624403668185, -74.11405981138508 40.61263404502688, -74.11404448980282 40.6126478445181, -74.11403220150339 40.61265676827408, -74.1140155882657 40.61266567830837, -74.11399240134739 40.61267179333599, -74.11395995286735 40.612676049859054, -74.11320646529438 40.61274339161157, -74.11327814482158 40.612866963547894, -74.11329000400892 40.612885712432224, -74.11330010181156 40.61290405061243, -74.11330811958928 40.612920829337256, -74.11331313829862 40.61293274549836, -74.11331863227757 40.612947584284655, -74.11332157104754 40.612956601014375, -74.1133264516167 40.61297415097581, -74.1133292389226 40.6129865231991, -74.11349239399571 40.61364332171416, -74.11436299075143 40.61357537266549, -74.1142662563211 40.61304631232889, -74.11416807533425 40.6125093314294, -74.11414704137226 40.61253196802648)))']",multi-polygon
WKT Geometry,"['POINT (995743.99243167 165383.361633316)', 'POINT (1062306.06518558 207247.837036148)', 'POINT (1034279.63922118 200674.264404297)']",point
Street Address/Mailing Address,"['8225 5th Avenue #323', '372 Fifth Ave', '200 Liberty St, 16th floor']",address
City,"['Brooklyn', 'New York', 'The Bronx']",city
State,"['NY', 'DC', 'NC']",state_code
Postcode,"['11209', '11215', '10281']",zip5
Boroughs  Served,"['All Boroughs', 'MN', 'BK']",borough_code
Borough,"['BROOKLYN', 'MANHATTAN', 'BRONX']",borough
Latitude,"['40.624082', '40.671365', '40.711425']",latitude
Longitude,"['-74.024838', '-73.984492', '-74.015442']",longitude
Council District,"['43', '39', '1']",borough_code
BIN,"['3152153', '3021351', '1000057']",bin
BORO_NM,"['BRONX', 'MANHATTAN', 'QUEENS']",borough
PATRL_BORO_NM,"['PATROL BORO BRONX', 'PATROL BORO MAN NORTH', 'PATROL BORO QUEENS SOUTH']",borough
Latitude,"['40.845734', '40.871931', '40.758246']",latitude
Longitude,"['-73.910087', '-73.830259', '-73.957787']",longitude
Location,"['POINT (-73.91008716099998 40.84573435300007)', 'POINT (-73.83025866899999 40.87193055400007)', 'POINT (-73.95778710199994 40.75824606100008)']",point
